"স্ক্রোল  কোরে  এএস  এএস  সেকাঁদ  এর  ভিডিও  পন্ন  নয়",
"ও  গুলা  টরন্ট  সাইট  এ  পাবেন",
"ভক্রকের  চক্কর  পোস্ট  আক্ত  করলেই  অপ্রভেদ  নিশ্চই  ঘাবলা  আছে",
"আমি  টেস্ট  করেই  কোড  ডিসি",
"এতো  কস্টার  কি  আছে  শাকিব্যাপ  টিকি  শাকিব্যাপ  এমল  এইওভাইড্যাডল  এমল  ঠেকে  শহজেই  ডাউনলোড  করা  যাই",
"ভাল",
"এগুলো  একটু  বেশী  সময়  সাপেক্য  টাই  ট্রি  কোরিন  আমর  এতো  দর্য  নয়  কালী  নেথুনতের  ওর  আইরক্রাক্স  ডিএ  হ্যাক  করা  যাই  ইউটিউবে  অ্যান্ড  গুগল  করলে  যানতে  পারভেন",
"কি  কম  না",
"জানা  নি",
"এত্ব  টারাটারি  কামনে  শব  গুলা  উষেদ  হযোগেলো  বুললাম  না  ভাই",
"আমি  আয়ে  মেথড  টা  শরে  করলাম",
"টয়লে  ব্রো  আপনি  ওল্ড  ভার্সন  ইউএএএস  করেন  লিংক  ও  ওই  পেইজ  এ  পাবেন",
"আপনার  ফোন  এ  মে  বে  সাপোর্ট  করবে  নাহ  কাস্টম  রম  ইউএএএস  কোরে  দেখতে  পরেন",
"লিজেন্ড  অঠোর  হৈয়া  এমন  বোকার  মোটো  কমেন্ট  করবেন  আগে  ভাবী  নয়",
"ঠাঁক্স  ভাইয়া",
"আমর  কাশা  টোটাল",
"ওইটা  ইউএএএস  করিনই",
"আঁখ  ইউএএএস  ক্রে  ঢুঁ  মরে  নিউ  ফিচার  অ্যান্ড  থেমেস  আদ্দেদ",
"এডিট  টা  জোস  সিলো",
"এই  পোস্ট  আমি  এ  মন্থ  আগে  কর্চিলাম",
"এট  কোনো  পোস্ট  হলো  কিভাবে  সেটিং  এ  ঢুকতে  হই  সেই  নিয়ে  একটা  পোস্ট  করেন",
"ভাল  কোরে  ট্রয়  করেন  পাবেন",
"ভাল  ভাল",
"সিরিউজলি  কার  পোস্ট",
"লস্ট  দুইটা  কমেন্ট  ধুট  ট্রিকব্ড  টি  রেক্ট  অপশন  নয়  নইলে  আকাই  আঁ  টা  কোরে  হ্যা  হ্যা  ডিটম  আর  ভাই  পোস্ট  ডাঠা  পারলে  এইডাও  পোস্ট  করেন  কি  ভাবে  মোবাইল  এর  স্ক্রিন  ওঁ  করতে  হই  অনেক  হেলফাউল  হত",
"এএমবি  এট",
"আটা  নিয়ে  ই  মন্থ  আগে  পোস্ট  আসে  মিয়া  খোবর  রাখেন",
"আমার  তো  ঠাকে  না  ভি  আস  ইউ  উইস  আমি  ক্লিপবোর্ড  ইউএএএস  করি  ওইটা  অঙ্ক  কমফর্টাবল  আপনি  ইউএএএস  করলে  করতে  পরেন  না  করলে  নয়",
"মানে  কি",
"অস্থির  পোস্ট  এক  ক্ঠাই  অসদারন",
"সবী  বাটপারী  কিও  টাকা  ডিএ  প্রপারিত  হবেন  না",
"দণ্যবাধ",
"জিপ  ফাইল  ঠেকে  আপক  পাব  কিভাবে",
"জিপ  ফাইল  টা  ওপেন  করলে  হ্যামল  ফরমেট  আর  ফাইল  এ  কোড  টা  এস",
"জীবাংলা  হই  না  কানো",
"জিএস  ফ্রি  ইউএএএস  করার  কি  কোনো  ওয়ে  আসে",
"জিএ  ফ্রি  ইউএএএস  করার  কি  কোনো  ওয়ে  আসে",
"জি  বাংলা  আসে  বাশার  মেয়র  দেখবে",
"জে  একাউন্ট  এ  হবে  সেট  এএবি  হেল্প  এ  জিএ  প্রফাইল  লক  সার্চ  করলেই  হবে  আর  জেট  হবে  না  সেট  অভাবেও  না",
"জার্চিভের  ট্রি  করতে  পরেন",
"জার্চিভের  ডিএ  পারবেন  অথবা  রেনামে  কোরে  স্পাক  ঠেকে  জিপ  কোরে  নিলেউ  হবে",
"জার্চিভের  বা  এস  ফাইল  এক্সপ্লোরার",
"যারা  সব  কাজ  নিয়ম  মেনে  কর্চেন  তারা  অ্যাক্ট  পাবেন  ইনসূল্লাহ",
"যার  টেক্সট  এডিট  করবেন  তাকে  পিল্প  ফাইল  বা  প্রেসেট  দিতে  বলবেন  পিল্প  ফাইল  জুলো  পিক্সল্যাব  এ  এডিট  করা  যাই  এ",
"ইউটিউবে  ভিডিও  ডাউনলোড  হৈন  ভাই",
"ইউটিউবে  ভিডিও  ডিলে  ভাল  হইত  যারা  বাজটেকে  নাহ  তারা  ভিডিও  দেখে  বুজ  পারত  এ",
"ইউটিউবে  ভিডিও  কপি  মার্সান  ভাই",
"ইউটিউবে  ভান্সেড  এ  গ্যাইল  ইড  এড  করলে  কি  কোনো  প্রবলম  হটে  পারে",
"ইউটিউবে  ভান্সেড  এ  গ্যাইল  এড  করা  জৈন  কেনো  পিলজি  হেল্প  মে",
"ইউটিউবে  ঠেকে  ডাউনলোড  হবে",
"ইউটিউবে  ঠেকে  কপি  কর  এনএস  নিজে  এসএস  মাকে  ক্রেতে  পারও  না",
"ইউটিউবে  ঠেকে  কপি  কোরে  পোস্ট  করেন  ভাল  কোথা  বাট  কিসোব  ফল্টু  পোস্ট  এডিএর",
"ইউটিউবে  ঠাইক  লিংক  ঠেকেন  এনএস",
"ইউটিউবে  নিউ  আপডেট  অনেশে  এই  কারনে  আমন  হোস  বাট  প্রবলম  নেই  এক  ডাইনের  ভিতরে  আর  আক্ত  নিউ  পোস্ট  দিব",
"ইউটিউবে  লিংক  ভিডিও  লিংক  পোস্ট  ঠাকে  বেরোটো  ঠাকুন",
"ইউটিউবে  এর  ভিডিও  রেকর্ড  করার  জন্য  কোন  অ্যাপ  ভাল",
"ইউটিউবে  এর  অফলিনে  ভিডিও  এম্ক্স  প্লেয়ার  এ  দেখার  কুনও  ওপে  আছে  কি",
"ইউটিউবে  এর  ডাটা  ক্লাইর  করেন  টিউ  না  হইলে  ফিন  টা  রেস্টার্ট  করেন  এক  কাজ  ক্রবে",
"ইউটিউবে  এর  এডস  কি  এই  ভাবে  রেমোভ  করা  যাবে",
"ইউটিউবে  এই  জিডি  সার্চ  ড্যা  লাগে  ঠেল  পোস্ট  ক্র্লান  এনএস",
"ইউটিউবে  এ  টো  সানডার  দেখা  যাই",
"ইউটিউবে  এ  লোগিন  হবেনা  এট  ডিএ",
"ইউটিউবে  এ  খেলা  ডিএ  ডিসে",
"ইউটিউবে  ঢাকেন  এই  ভিডিও  জুলো  হাজার  হাজার  ভিউজ",
"ইউটিউবে  কপি  কোরে  পোস্ট  করবেন  না  এট  আপনার  নিজের  পোস্ট  যাই  হোক  তারপর  ও  ভাল",
"ইউটিউবে  ক্লাইর  ডাটা  মারলাম  ফিন  রেস্টার্ট  মারলাম  স্কিপ  অপশন  আসে  না",
"ইউটিউবে  চ্যানেল  ভিউ  হবে",
"ইউটিউবে  অ্যাপস  ঠেকে  হই",
"ইউটিউবে  এড  বন্ড  হবে",
"ইউটিউবে  এড  বন্ধ  হবে",
"ইউটিউবে  এ  টো  লোগ  ইন  করা  যাচ্ছে  না  বলছে",
"কি  করব  বলেন",
"শো  কোর্স  আমর",
"আটা  আমার  ভুল  বাট  আরো  কিসু  ব্রসারের  নামে  এড  করলে  ভাল  হই  সেটাই  বলতে  চেজেলিং",
"ইউ  অরে  মোস্ট  ভেলকমে  আক্ত  লাইক  হবে  নাকী",
"ইয়েশ  বাট  ঐগুলো  অঙ্ক  কস্ত  এই  অ্যাপ  ডিএ  সাম  কাজ  অঙ্ক  স্মোথ  করা  যাই",
"ইয়েশ  ইন্ডিয়া  রাখতে  হবে",
"ইয়েশ  ঠিক  বলসেন",
"ইয়েশ  ভাই  শো  করতাচা",
"ইয়েশ  এরকম  পোস্ট  এস  বাট  একিরকম  অ্যাপস  না  এট  আলাদা  অ্যাপস",
"ইয়েশ  এনালবেদ  অ্যান্ড্রয়েড  ভার্সন  এ  অ্যাপ  ইনস্টল  এ  হয়  না",
"ইয়েশ  ব্রো  এক্সত্র  লিংক  এড  করছি  ওয়েট  অঙ্ক  ডাউনলোড  হো  গেছে  হইত  টাই  এমন  দেখাছে",
"ইয়েশ  ব্রো  এমবি  লাগবে",
"ইয়েশ  ব্রো  ইউটিউবে  এ  এড  লিখে  সার্চ  করলে  দেখতে  পারবেন",
"ইয়েশ  বাংলাদেশ  এপ  ভিন  লাগবে  কিউ  ফাঁস্ট  পোস্ট  করেন",
"ইয়েশ  আমি  গত  মাস  নিজাই  এটিএক্স  ফর  সরে",
"ইপ  কাজ  কোরে  না  বাট  অনেক  ভাল  ভাবে  বুঝাইসেন  সো  ঠাঁক্স",
"যশির  ভাই  পিশন  প্র  কনেক্ট  করব  কিবাবে  যানতে  পরি",
"ইএনএ  আহ্ম  ইউএএএস  কোর্স",
"এক্স  রয়  মেশিন  এম  ই  এ  জোক  টো  ইউ",
"ক্সাইমি  রেডমি  কা  রো  হৈন  ভা",
"ক্সাইমি  টি  আঠো  কিসু  লাগে  নাহ  স্ক্রিন  অফ  করার  জন্য  উইজেটস  আছে  র  স্ক্রিন  ওঁ  আর  ফোন  ঠেকে  অপশন  আছে",
"ক্সাইমি  রেডমি  এ  প্রাইম  আটা  কি  অফিসিয়াল",
"ক্সাইমি  ফোন  ইউএএএস  করলে  আউটমেটিক  আপডেট  পে  যাবেন  তবে  পোর্টেড  রম  কলেক্ট  করি  নি  আমি",
"ক্সাইমি  ক্লাড  এ  ফ্রি  প্রামিয়াম  গোল্ড  উল্ট্রা  মেম্বরশিপ  পাউর  বিশো  একটা  পোস্ট  করেন  পিলজি",
"ক্সাইমি  অঠোর  একাউন্ট  লাগবে",
"এক্সডিএ  ডেভলপার্স  এ  এই  ব্রসের  এর  একটা  গোড  মোড  আসে  তার  ডাউনলোড  লিংক  টা  ডিভান  প্লিস  আমি  ডাউনলোড  করতে  পারসী  না",
"প্লিস  আমি  ডাউনলোড  করতে  পার্চি  নাহ",
"স্পাক  ইনস্টল  কোরে  কেমনে  আবার",
"উভ  এইরকম  মোবাইল  এ  টো  বেস্ট",
"উভ  গোড  পোস্ট  ভাই",
"উভ  এই  প্রাইস  এ  আটো  ভাল  ফোন",
"উভ  মামু",
"উভ  কাজে  লাগল  ভাই",
"উভ  দরুণ  পোস্ট  ভয়",
"উভ  বাট  আমি  শরে  ইট  এর  ওল্ড  ভার্সন  ইউএএএস  করি",
"উভ  ব্রো  অসাধারন  পোস্ট",
"উভ  অস্থির  অ্যাপ  বানাইসেন  ভাই  গো  আহেদ",
"উভ  ভাই  আমকে  আক্ত  এসএমএস  ফরওয়ার্ড  এর  তো  বিল্ড  কোরে  ডিবেন  প্লিস",
"ভসম  সাইট  ব্রো  ঠাঁক  ফর  শরে  ব্রো  আটা  কি  লাইফ  টাইম  আর  জন্য  না  লিমিতে  অ্যাকা",
"ওয়ার্কিং  ভাই  কাজ  না  হলে  এই  লিংক  এ  জন",
"ওয়ার্কিং  পোস্ট  ভাল  কোরে  ট্রি  করেন",
"ওয়ার্কিং  বাট  স্পাইড  কম  গ্যাইল  ফেসবুক  লোডিং  এ  হয়  না",
"ওয়ার্কিং  ব্রো  ভিন  ইউএএএস  করুন",
"ওয়ার্কাড  অনেক  সময়  নিলো",
"ওয়ার্ডপ্রেস  সারা  হবে  না",
"ভন্ডারফুল  পোস্ট  পিএলস  রুন  আগাইন",
"ভন্ডারফুল  পোস্ট  ভাইয়া",
"ভাইথোট  আপডেট  প্লে  স্টোর  ই  চলবে",
"ভাইথোট  এমবি  চারা  ভিন  জুলো  কাজ  করেনা  এমবি  টকলে  কনেক্টেড  হাই  এডিএ",
"ভিনিত  পেমেন্ট  ডে  আমি  টোটাল  অ্যাক্ট  পেইচি",
"ভাইন  কোন  ভার্সন  ডাউনলোড  দেব",
"উইন্ডাউস  এর  জন্য  এরকম  একটা  হাইস্পাইড  ভিন  দরকার  আসা  করি  নেক্সট  পোস্ট  এ  পাবু",
"উইন্ডাউস  এর  জন্য  আবার  ডাউনলোড  করলাম  ভাই  সাম  এমেইল  পাসওয়ার্ড  এ  এস",
"উইন্ডাউস  বেস্ট  ই  টা  লোগো  ডিজাইনের  সফটওয়্যার  লিংক  ডেন",
"উইন  ওক  ভাই  বুজেছি",
"উইফি  উইফি  হলে  এসপি  স্লো  আপনার",
"উইফি  ভালা  গো  কারবার  আপল্ড  দিতে  আব্র  বারিটি  এমবি  খরচ  করা  লাগে",
"উইফি  র  ক্ষত্র  কি  ভে",
"উইফি  হ্যাক  করার  কো  ট্রিক  জানা  টকলে  শরে  করলে  হেল্প  হাই  ব্রো",
"উইফি  হ্যাক  হবে",
"উইফি  হ্যাক  এর  ওয়ার্কিং  কোনো  অ্যাপস  টকলে  লিংক  ডিএন  পিলজি",
"উইফি  এর  টা  অঙ্ক  হার্ড  আমিউ  ট্রি  করিনই  নেথুনতের  ইনস্টল  করা  লাগে  উইফি  আদপতের  ও  লাগে  আমনিতে  যেগুলা  আছে  সব  ব্রাটফোর্কে  অ্যাটাক  জেতা  সেস  হটে  সারা  বোচর  চলে  যাই",
"হু  আমার  সব  ঠিক",
"ঘাৎসপ্র  লিংক  অতবা  নাম্বার  ড্যান  ব্রো",
"হাঁট  সি  আপ  খুলা  যাবে",
"হাঁট  লোল  আমি  ইউটিউবে  ঠেকে  করি  নি  কিন্টু  সেটিংস  ঠেকে  ডাইলি  এ  টা  কোরে  একাউন্ট  ক্রিয়েট  ক্রেতে  পরি  ই  মাস  ওয়েট  ক্রেতে  হয়  না  আর  এই  মেথড  তাও  কাজ  কোরে  কিন্টু  ডাইলি  ক্ত  গুলা  করা  যাই  আইত  অখ্য  টেস্ট  করি  নি",
"বানাইতে  পরি  ই  মাস  ওয়েট  করতে  হয়  না  আর  এই  মোড  টু  কাজ  কোরে  কিন্টু  প্রতিদিন  কোটো  গুলা  করা  যাই  এই  পরীক্ষা  করি  নয়",
"ভেলকমে  মে  বে  পাশের  মৌজার  ডকুমেন্টস  সার্ভের  এ  সাবমিট  হয়  নয়",
"ভেলকমে  আনলিমিটেড  পশিবল  না  ভাই",
"ভেবসাইতে  সারা  কি  বানানো  যাবে",
"ভেবসাইতে  পাবেন  নোকিয়া  এর",
"ওয়ারেরমার্ক  সারা",
"ওয়ারেরমার্ক  নয়",
"ওয়ারেরমার্ক  এক  ফ্রি  বুচু",
"বার্নিং  খুব  বেশী  দরকার  না  হলে  এসব  অ্যাপ  ইউএএএস  করা  ঠেকে  দূরে  ঠাকুন",
"ভ্যালটন  সব  সময়  ওল্ড  সিস্টেম  এ  মনে  হয়  ফলও  কোরে  যেখানে  অন্ন  কোম্পানি  আঁকন  আইএএম  এর  উপর  ব্যাটারী  ডিস্ক  র  ভ্যালটন  ডিস্ক  অ্যাং",
"ভ্যালটন  প্রাইম  এনএস  রুট  সিস্টেম  জানা  ঠাকলে  কিউ  জানাবেন  প্লিস",
"ওয়েট  দেখি  মোদীফি  কোরে  নিউ  আপডেটেড  আপলোড  ডিসি",
"ওয়েট  ক্রেন  ব্রো",
"ওয়েট  করুন  ভাই",
"ওয়েট  করুন  নিউ  আপডেট  করতেশই",
"ওয়েট  করুন  আপনার  জন্য  মেডিজাফার  লিংক  বানসী",
"ওয়েট  কর  পোস্ট  করব",
"ভাইপার  ভিন  ডিএ  ইউএস  কনেক্ট  করলে  হবে  ভাই",
"ভূঞা  নিউজ  ভাই  আজকে  ব্যাস  নগদ  ঠেকে  ক্যাশ  আউট  করলাম  টিকি  কাটে",
"ভূঞা",
"ভুল  গুলা  ঘর্যে  দীন  তো",
"ভুল",
"ভূ  রিপোর্টেড",
"ভূ  পোস্ট",
"ভূ",
"ভিন  টা  বার  বার  ডিসকনাইক্ট  হো  যাই",
"ভিন  সারা  মেডিজাফার  চলানোর  ওয়ে  আসে  নাকী  টেলিগ্রাম  বট  অন্ন  কো  ওয়ে",
"ভিন  অফ  করলে  কি  আশবে",
"ভিন  নিয়ে  সামনে  আরো  পোস্ট  আশবে",
"ভিন  লক্বে",
"ভিন  কই  পাই  না  র  আইত  ডিএ  ব্যাটারী  চার্জ  যাই",
"ভিন  কি  অফলিনে  হয়  নাকী",
"ভিন  এট  এনএস  সিম  এ  কাজ  করবে  টা  একটু  জানালে  ভাল  হাই  এডিএ",
"ভিন  এর  কোনো  প্রব্লাম  নয়  বাট  প্রব্লাম  হলো  আপনার",
"ভিন  ডিসকনাইক্ট  কোরে  দেখন  প্লে  পয়েন  চলে  যাবে  মে  বে  আন  গেলে  আলামদুলিল্লাহ  ভাল",
"",
"ভিন  ক্যানেট  করা  অ্যাগোলা  কাজ  করা  লাগবে  নাকী  ভিন  সারা  আর  ভ্যা  মিন্টস  বু  আর  মানি  কি  ভ্যা  মিন্টস  ওয়েট  করা  লাগবে  নাকী  জাস্ট  আইএএসএ  এ  ক্লিক  করা  লাগবে",
"ভিন  ব্যাভার  কর্চি  টাই  ভণ্ড  ক্রে  ডিসে  আঁকন  টিক  হয়  না",
"ভৌচের  ডিএ  কি  ফ্রি  কেন  যাবে",
"ভূপী  টি  নিউ  নাম্বার  ডিলাম  কোড  অ্যাকা  না  অ্যাপ  ডাটা  ক্লাইর  কর্চি  তাও  কোড  অ্যাকা  না  এনএস",
"ভূপী  কোড  অ্যাকা  না  আকবর  আর  বেই  একাউন্ট  হৈন",
"ভূপী  অ্যাপ  আর  লিংক  ডাননি  কানো  প্লে  স্টোর  এ  অ্যাকা",
"ভূপী  অ্যাপ  আমার  ই  টাকা  কেটে  সাফ  কোরে  ডিএএইকে  তারপর  টের  পাইসি",
"ভূপে  অ্যাপস  এ  একাউন্ট  খুলতে  প্রতিবার  নটন  জিএপ  নাম্বার  লাগবে  না  আগের  টা  দিলে  হবে",
"ভূপে  অ্যাপস  এ  একাউন্ট  খুলতে  প্রতিবার  নটন  জিএপ  নাম্বার  লাগবে",
"ভূপে  অ্যাপ  এ  একটা  ডিভাইস  এ  একটার  বেশী  একাউন্ট  করা  যাই  না  এই  ভাই  সেট  বলে  নয়  কিউ  ট্রি  করিইন  না  এর  শুধু  রেফের  নেয়র  ধান্ড",
"ট্রিকব্ড  এর  ভাইবার্স  ডের  বলদ  পাইস  মনে  হয়",
"ভোকাল  পুরোপুরিই  রেমোভ  হয়  নাকী  ঠকেই  যাই",
"ভম্যাস  ঠেকেই  ভি  ই  রম  ডাউনলোড  করেন",
"ভম্যাস  প্র  লিংক  সে",
"ভম্যাস  অ্যাপ  এ",
"ভম্যাস  এ  পাব  খললে  ই  এ  জিবি  রম  আল্লা  মোবাইল  টো  ব্লাস্ট  হৈয়া  যাইব",
"ভ্লয়",
"ভ্যাও  সিল",
"ভ্যাও  পোস্ট",
"ভ্যাও  লাগল  ব্রো",
"ভ্যাও  হাইজ  ঠাঁক্স",
"ভ্যাও",
"ভিয়া  আমি  খুব  বাসি  আখন  মনির  সরকার  কে  বলেন",
"ভিভ  থেমেস  কম  ঠেকে  ফুল  আর্টিকল  কপি  মার্স",
"ভিভ  ইং  এর  বোটলোডের  উনলক  করব  কি  ভাবে",
"ভিভ  ইএমএ  প্র  এর  কোনো  টার্প  পাচ্সি  না  র  স্টক  বুট  আইএম  কিভাবে  বাক্সুপ  নিব",
"ভিভ  টি  ভাল  গেই  খেলা  যাই  না  টি  ইতেল",
"ভিভ  ফোন  নিয়ে  কোনো  সন্দ্ধেহ  নয়  অল  টাইম  সাম  সার্ভিস  দিবে",
"ভিভ  মোবাইল  হই  না",
"ভিভ  মোবাইল  ডে  ঠাকে",
"ভিশন  ই  প্লাস  এ  এ্যাউ  চার্জের  আছে",
"ভার্মাস  ডাউনলোড  করলে  আবার  ভার্মাস  ডিটেক্ট  আর  কারনে  অফ  হবে  না  টো  ডাউনলোড",
"ভার্চুয়াল  এক্সপোজেড  অ্যাপ  ডিএ  কি  এফএইএসএফ  পাব  হ্যাক  করলে  প্রবলম",
"ভার্চুয়াল  লাঞ্চার  এ  এক্সপোজেড  ইনস্টল  ডিএ  কি  ইউএএএস  করা  জেটে  পারে  জেমন  কিসু  গেই  হ্যাক  এর  তুল  ইউএএএস  করা  যাই  ভার্চুয়াল  লাঞ্চার  ডিএ",
"ভার্চুয়াল  বক্স  ডিএ  পারভেন",
"ভিপ  সার্ভারগুলো  কনেক্ট  হয়  না  কানো",
"ভি  বলার  ভাষা  হরয়  ফেলচি  আমার  কাছে  উনুপদাতে  টা  আছে  ঐতাও  সাম  কাজ  কোরে  প্লোটাগন  এর",
"ভিউ  অল  সাবস্ক্রিপশন  ঠেকে  পেলাম  ঠাঁক্স  ভাইয়া",
"বিদমাতে  এর  ঠেকে  ভিদ্বেদের  অঙ্ক  ভ্যাও  বিদমাতে  ইউএএএস  করা  বাদ  ডিএ  ডিসি",
"বিদমাতে  ডিয়া  হই",
"বিদমাতে  আর  ঠেকে  ভিদ্বেদের  অনেক  ভাল  অ্যাপ  সিজে  ও  কম  র  ফিচার  ও  বিদমাতে  আর  ঠেকে  বেশী  ভাল",
"ভিদ্বেদের  ইউএএএস  কোরে  দীকহেন  বিদমাতে  র  ভ্যাও  লাগবে  না",
"ভিদ্বেদের  প্র  এর  মোটো  মনে  হোস",
"ভিদ্বেদের  এ  অঙ্ক  প্রবলম  সিলো  ও  গুলা  ফিক্স  কর্চে  নাকী  ভাই",
"ভিডিও  টিউটোরিয়াল  টা  দেখুন  কিন্ডলি  হো  যাবেই",
"ভিডিও  টিউটোরিয়াল  ডিলা  ভ্যাও  হয়",
"ভিডিও  টি  জেমন  দেখানো  হৈস  টাইমন  প্রাই  এমবপস  মোটো",
"ভিডিও  টি  আসে",
"ভিডিও  টা  ফুল  ডাকেন  এক  কাজ  হব",
"ভিডিও  সিউ  করার  সিস্টেম  টা  বললে  ভাল  হত",
"ভিডিও  প্রিন্ট  ক্লিন  তাকে",
"ভিডিও  প্লে  হয়  না  ফল্টু  পোস্ট",
"ভিডিও  ওর  ওঠের  ডকুমেন্ট  নিয়া  আসে  যাবে  না",
"ভিডিও  লেয়র  এড  আসে  টো  অঙ্ক  অ্যাপস  এ  টো  পাই  না",
"ভিডিও  লিয়ার  নয়",
"ভিডিও  লিয়ার  কোয়োটো  সুপোর্ট  করি  ভাই",
"ভিডিও  এম্বেড  করেন",
"ভিডিও  এম্বেড  হইনি",
"ভিডিও  ডিলে  আরো  বেস্ট  হত",
"ভিডিও  দিব  কাল",
"ভিডিও  ডের",
"ভিডিও  বানানো  যাবে",
"ভিয়া  পাব  মোবাইল  হ্যাক  এর  ফুল  প্রসেস  অ্যান্ড  স্ক্রিপ্ট  টা  জডি  একটু  দিতেন  পিলজি",
"ভিয়া  কিন্ডলি  এই  লিংক  এ  ভিজিট  কোরে  অনলাইনে  এ  আবেদন  করুন",
"ভিয়া  আইএস  বেস্ট  আমার  কাচে",
"ভিয়া  অ্যাপস  টা  টো  ওপেন  হয়  না  ফোন  কি  রুট  করা  লাগবে",
"ভিয়া  আপনের  অন্ন  আক্ত  পোস্ট  এ  আমি  কমেন্ট  করেশি  পিএলস  রিপ্লে  ডেন",
"ভিয়া  আপনার  মেশাগে  অপশন  নেই",
"ভিয়া  আপক  সিজে  টা  পোস্ট  এ  এড  করেন",
"ভিয়া  আইত  কি  রোটড  জে  কোনো  অ্যাপস  সাপোর্ট  করবে",
"ভিয়া  আঁ  এ  কাজ  হবে  কে",
"ভি  গ্যাইল  কর্শি",
"ভি  আপনার  ব্রসের  এ  সমস্যা  অন্ন  কারুর  টো  প্রবলম  হোচে  না",
"ভি  তাহলে  সামসুং  মা  এর  বর্তমান  মার্কেট  প্রাইস  ক্ত",
"ভি  সামসুং  গ্যালাক্সি  স্ম  জিউল  রুট  কর্তা  চাই  আটা  করা  যাবা  কি  কিউ  হেল্প  করবেন  পিলজি",
"ভি  স্টার  জলস  মুভি  আটা  পাইলাম  না",
"ভি  সামসুং  আঁ  এর  ক্ষ  বলি  নয়  মা  এর  ক্ষ  ব্লিটিসই",
"ভি  পাব  মোবাইল  হ্যাক  নিয়ে  কিউ  একটা  পোস্ট  করেন  পিলজি",
"ভি  পাব  হ্যাক  নিয়ে  কাউ  একটা  পোস্ট  কোরিয়ান  পিলজি",
"ভি  ওটা  এএবি  ইড  হ্যাক  না  ভি  ওটা  জাস্ট  এএবি  লাইক  পেইজ  অগ্যে  কোড  বুজিন  ভি  হাকা  কোথা  বলিন  না",
"ভি  কোনো  পিচচার  কি  কি  বার্চদে  বানানো  যাবে",
"ভি  খুব  সুন্দর  কোরে  বুঝিহেছেন  আমিউ  আঁঅজন  কাস্টম  রম  ইউসার",
"ভি  কাজ  কাম  প্যাকসেন  নাহ",
"ভি  জোত  কোকি  ডেন  আইএএএস  রেট  এড  আর  বেশী  চিলে  না",
"ভি  ইনস্টল  হোচে  না  কি  করব",
"ভি  হুমন  ভারিফিকেশন  প্রবলম  হচ্চ",
"ভি  হিনদি  ডাব্যাদ  মোভ  গুলা  কই",
"ভি  ফ্রি  ডাউনলোড  লিংক  দীন",
"ভি  এএবি  লিংক  টা  ডেন  আপনার",
"",
"ভি  ফাঁকে  মেল  কোন  সাইট  ঠাইক  নিব",
"ভি  এই  টা  টো  নর্মল  স্পাইড",
"ভি  ডাউনলোড  হয়  না",
"ভি  কম্পুটার  এ  কামনে  করব  পারলে  ভি  ভিডিও  টা  ডিন",
"ভি  ক্যাশ  আউট  ই  টাকা  কাটবে  কি",
"ভি  ব্যাস  বলতাকে  পাব  না",
"ভি  বহের  আর  নাম্বার  ডিএ  কি  হ্যাক  হয়",
"ভি  আটো  হ্যাকিং  নিয়ে  কাজ  নেই  মোস্ট  ইমপোর্টান্ট  উইফি  হ্যাক  কিভাবে  করব  সেটার  আক্ত  আর্টিকল  লেখেন  আটে  সবার  অঙ্ক  উপকার  হবে  র  হ্যা  অ্যান্ড্রয়েড  ভার্সন  এ্যা  এ  কিভাবে  কনেক্ট  করা  উইফি  এর  পাশ  দেখব  ভাইথোট  রুট",
"ভি  আর  ঠাকে  পাণ্ডা  এগামে  বস্টের  অনেক  ভাল",
"ভি  অ্যাপ  আমার  না  লিংক  জানলে  আমি  নিজেই  সাইট  এ  ডিটম",
"ভি  আপনর  কন্টাক্ট  নাম্বার  অথবা  ফেসবুক  টেলিগ্রাম  ইড  ডেয়া  যাবে",
"ভি  আপনার  এএবি  ইড  আর  লিংক  ড্যান  পিলজি",
"ভি  আপনার  ফেসবুক  ইড  ড্যান",
"ভি  আপনার  এই  ভিন  টা  খুব  ভ্যাও  সিলো  কিন্টু  আঁকন  আপডেট  চোকা  জডি  নিউ  মোড  করা  উলোড  ডিটন  আপনার  কি  কোনো  টেলিগ্রাম  চ্যানেল  আসা  থাকলা  শরে  করবেন  প্লিস",
"ভি  আঁশ  করেন  পিলজি  কনেক্টেড  হো  গেই  ওপেন  হোয়র  পরে  আঁকত  প্লে  হয়  ভালই  বিটি  আঁকত  পরে  সার্ভের  টাইম  আউট  বলকে  বার  বার  গেই  খেলাই  গ্যাস  না  পিলজি  আঁশ  করবেন",
"ভি  আমি  নটন  যেটাই  ফেসবুক  ই  ডি  কূলচে  সব  ই  ডি  নষ্ট  হয়  এ  কাছে",
"ভি  আমি  কমেন্ট  এ  আপনার  পোস্ট  লেখার  ধরন  টা  কে  ইন্ডিকেট  করেশি",
"ভি  আমি  আলতা  পোস্ট  করতে  চাই  আমার  কাশে  প্রামিয়াম  ভিন  অ্যাপ  আসে",
"ভি  আমি  আক্ত  পোস্ট  কর্চে  একটু  রেভিউ  করেন  পিলজি",
"ভি  আমি  আকবর  ইনস্টল  ডিসিলাম  বাট  শরে  এ  টপ  কোরে  দেখি  জে  ব্লুটুট  ওপেন  হোস্কা  সেজন্য  আমি  উনস্তল  কোরে  ডিসি",
"ভি  আমার  টো  স্কাইপ  এর  সেটিং  অপশন  এ  ঐসব  নে",
"ভি  আমার  আক্ত  কোস্টাইন  যা  যখন  টার্মাক্স  এক্সিট  করি  তখন  হ্যাক  করা  পাসওয়ার্ড  পেইজ  টা  হরিয়া  যাই  আর  ংর্ক  আর  লিংক  টা  কাজ  করা  না  কি  করা  আর  ডাটাবেসেস  বানাবো",
"ভি  আমার  আইর্টেল  সিম  আর  ডাটা  কনেকশন  ওঁ  হোস  না  আঁকন  কি  ভাবে  প্রবলম  টা  সলভ  করব  পিলজি  বলবেন",
"ভি  আমাদের  টো  আমবের  ইট  র  ব্রডব্যান্ড  লাইন  নাওয়া  তারা  বল্লিল  টেড  আক্ত  অ্যাপ  ডিএ  তাদের  উইফি  ইউএএএস  কোরে  ডাইলি  এ  হাউর  নাকী  কোথা  বলা  যাবে  কিন্টু  আমরা  র  কুসু  করি  নি  আখন  এই  অ্যাপ  টা  কিনা  যানি  না",
"ভি  আইত  ডিয়া  টো  খোষিয়ান  নো  আসে  না",
"ভি  এই  অ্যাপস  টাই  গুগল  এড  কামনে  যোগ  করব  ভি",
"ভি  আগুলো  ডিএ  কুলাই  চে  ডিসবল  হো  যাচে",
"ভি  এ  টা  টো  ইনস্টল  হয়  না",
"ভি  কিভাবা  রুট  করব  করা  যাবা  কি",
"ভি  একন  টো  এ  গুলা  ওয়ার্ক  কোরে  এনএস",
"ভি  আটা  কি  কোনো  পোস্ট  হয়ল",
"ভি  এসএস  ডিটম  বাট  ডেয়র  টো  সিস্টেম  নয়",
"ভাল  পোস্ট  তবে",
"ভাইয়া  মেশেঞ্জের  লাইট  এ  মোড  কোরে  চট  হেড  এড  কোরে  দিতে  পারবেন  আমর  ফিন  এ  মেশেঞ্জের  সাপোর্ট  করেনা",
"ভাইয়া  আমর  ফিন  এ  মেশেঞ্জের  সাপোর্ট  করেনা  পিএলস  আমর  জন্য  কি  মেশেঞ্জের  লাইট  মোড  কোরে  চট  হেড  এড  কোরে  ডিউ  যাবে",
"ভাই  ট্রি  করেশিলাম  বাট  মেবে  আমার  ফোন  এ  সাপোর্ট  কোরে  না  ভম্যাস  এ  রম  রুন  করলে  বোটিং  এসএ  হবার  পরে  ব্লক  স্ক্রিন  হোয়া  ঠাকে",
"ভাই  সং  অফলিনে  ডাউনলোড  হই  না",
"ভাই  পোস্ট  এ  লিখা  নিউ  ভার্সন  ই  এ",
"ভাই  পার্মানেন্ট  কিসু  আক্ত  বেবস্থা  করেন  সেই  অপেক্ষই  রইলাম",
"ভাই  ভিডিও  টিউটোরিয়াল  করুন  আর  আক্ত  ট্রেইলার  করুন  জোস  হবে",
"ভাই  এসএস  তুললে  কি  অটো  ফ্রম  এড  হবে  নাকে  আপ্পা  এ  জয়  ফ্রম  সেট  করতে  হবে",
"ভাই  সিবি  গোলা  ই  বারে  জিপ  ফাইল  কোরে  ডিলে  বালো  হত  আপনার  ও  স্মি  বাঁজ  আমার",
"ভাই  রেক  ভার্চুয়াল  ম্যাচিং  এ  ক্লিক  করলে  কোনো  রম  আশে  না  ভাই  জিপ  উঞ্জিপ  কোরে  স্টোরেজ  এ  রক্কে  টু  রম  আশে  না",
"ভাই  প্রফাইল  লক  কথাই  কোরে",
"ভাই  লিংক  ওয়ার্কিং  নো  চেক",
"ভাই  আপনে  বললে  টো  র  বেস্ট  হবেনা  পারলে  জয়  প্লে  স্টোর  এ  দুইটা  অ্যাপ  এর  রেইং  দৈখা  আসেন  মিউজিকলেট  এ  ই  র  আপনর  টা  অনলী  এ  এ  মিউজিকলেট  এ  ঐতার  মোটো  কোনো  মোড  লাগেন  বুঝসেন  ভাই",
"ভাই  আপনার  ইড  কই  গল  ডিঅ্যাকটিভেট  নাকী",
"ভাই  আপক  এ  না  ঠকলু  আপনি  এসিলি  ফোন  ঠেকে  আপক  হিড  করতে  পারবেন  মেবে  সব  ডিভাইস  এ  হৈন",
"ভাই  আমাজন  প্রাইম  ভিডিও  টা  একটু  ডেকবেন",
"ভাই  এই  ভিন  আর  কাজ  কি",
"ভাই  আগেও  এট  নিয়া  পোস্ট  হৈস  ট্রিকব্ড  টি  ডেকবেন  প্লিস",
"এমন  ভাবেই  ভাল  ভাল  পোস্ট  ডে  যাবেন  আসা  রাখী",
"ভার্সন  কোটো  ভাই",
"ভার্সন  কোটো  ব্রো",
"ভার্সন  কোটো",
"ভার্সন  চলে  ভিএ  বিলেড  এএএসএ  প্লে  র  তুমি  ডিকো  এএএসএল  পরারম্প  নামে  তাকে  রিপ্লেস  কোরে  মনির  সরকার  নামে  টা  বসানো  খুব  বেশী  ইমপোর্টান্ট  তার  চাইতে  বেটার",
"ভারিফিং  কোড  এ  আসে  না  না  না",
"ভেরিফি  করতে  এ  দীন  লাগে  মাত্র  আপনি  নিজে  করতে  পারবেন",
"ভারিফিকেশন  সারা  কি  টিকি  আউট  করা  যাবে  না  র  এক্সচেঞ্ডব্যাদ  কি  ট্রাস্টেড",
"ভেদিও  এর  ভয়েস  কি  চঙ্গে  হবে",
"ভয়  রম  কেমন  লাগবে  অ্যান্ড  স্টোরেজ  কতটুকু  খবে",
"ভয়  এটিএম  কার্ড  কি  ভাবা  পাব  একটু  ডেটাইলস  এ  বললা  ভাল  হলো",
"ভয়  আপনি  বললেন  না  জি  গেই  খেলে  পয়েন্ট  ক্র্সেন  মেঝ  মেঝ  অফার  আসে",
"ভাই  টক  টাইম  অ্যাপ  তার  লিংক  টা  ড্যান  ভাই",
"ভাই  সিঁউপে  করা  জৈন",
"ভাই  রুট  করলে  কি  ফোনের  কোনো  খ্যাতি  হবে  এনকি",
"ভাই  একটা  অ্যাপস  মোড  করলাম  বাট",
"ভাই  কন্টাক্ট  মে  এএএসএস  সেল  হবে  রাতে  অ্যাক্ট  আক্সতে  নেল  আর  আমনি  ই  ভি  নেল  রাতে  অ্যাক্ট",
"ভাট  সহ  কোটো",
"ভাও  টাইটল  দেখে  ফুল  ই  মিনুটেস  হেসেসি  ললস্ত",
"ভালুয়াবল  পোস্ট",
"ভালয়  লাগল",
"ভালয়",
"ভালই  তো  এডিট  করেছেন  আপনার  একাউন্ট  এ  অনলী  এএসএ  টা  ফোলাওয়ার  বোকা  পেইছেন  সবাইকে",
"ভালই  তবে  পুরে  পিক  দেখা  গেলে  ভাল  হত",
"ভালই  অন্যের  কাজ  নিজের  চলিই  দ্বিয়া",
"ভাল  বাট  আপনি  কপি  এসএস  ইউএএএস  কেনো  করেন",
"ভাল  বাট  আরো  ক্রিয়েটিভ  হো  দরকার  ছিল",
"ভাল  ভাবে  ট্রি  কোরে  দেখেন",
"ভাল  ভাবে  দেখে  আবার  করেন",
"ভাল  পোস্ট  বাট  শর্ট  লিংক  করার  জন্যে  রিপোর্টেড",
"ভাল  মানের  পোস্ট  কোরে  আবার  রেকমেস্ট  ডানার",
"ভাল  মানের  অট  পোস্ট  কোরে  অঠোর  রেকমেস্ট  পাঠান",
"ভাল  লাগল  ভাই",
"ভাল  লাগল  ভাইয়া  ট্রি  করব",
"ভাল  লাগল  সুন্দর  পোস্ট",
"ভাল  লাগল",
"ভাল  লাগলে  লাইক  ডিএন",
"ভাল  লাগেনী",
"ভাল  লাঘে  টাই  টো  ওটা  লিখলাম",
"ভাল  লাগ  ব্রো",
"ভাল  কোথা  হ্যা  এট  আসে  আরো  আছে  চ্যানেল  চট  চ্যানেল",
"ভাল  কোটা  বলা  যাবা",
"ভাল  কোরে  সেটিং  জিএ  দেখেন  আসে",
"ভাল  কোরে  দেখেন",
"ভাল  কিসো  ডেন  জেতার  ডেট  আছে  এক  কাজ  কোরে  ভাই  আমি  সিএপিএ  করি  অনেক  কাজ  এ  লাগে  ডিলে  হেল্প  হত",
"ভাল  কিছু  শরে  করুন  এইধরনের  রেডমাডে  জিনিসের  প্রচার  কোরে  প্রোগ্রামিং  এর  প্রতি  নটাউন্ডার  আগ্রহ  কমাবেন  না  পারলে  কোডিং  এর  মাধ্যমে  কিভাবে  করা  জে  সি  সম্মন্ধে  টিউটোরিয়াল  ডেন",
"পারলে  কোডিং  এর  মাধ্যমে  কিভাবে  করা  যাই  জে  সমন্ধে  টিউটোরিয়াল  ডেন",
"ভাল  হলে  ভাল",
"ভাল  একটা  টিপস  দেখে  ভাল  লাগবো",
"ভাল  ছিল",
"ভাল  কলিয়ে  জন",
"ভাল  বাট  সামনে  রেকর্ড  হয়  না",
"ভাল  বাট  পিক  গুলা  নেগিটিভ  দেখা  যাবে",
"ভাল  ব্রো",
"ভাল  অ্যাপ",
"ভাল",
"ভাল",
"ভালিবপস্ট",
"ভাল  লাগল",
"ভাল",
"ভাই  কিউ  কি  ভেবসাইতে  এর  রেজিস্ট্রেশন  লোগিন  ফ্রম  হ্যামল  কোড  দিতে  পারবেন",
"ভাইয়র  এএবি  লিংক  হবে",
"ভাইয়া  আমার  ফাঁস্ট  চার্গিং  টেকনলজি  কেবল  নষ্ট  হোয়া  গোক  অন্ন  ইউএসবি  কেবল  ডেয়া  চার্জ  হই  না",
"ভাইয়া  অটো  লাইক  অ্যাপ  এর  বিশো  পারলে  কিছু  লিখেন",
"ভাইয়া  ভিভ  ইয়ে  কিভাবে  রুট  করব  ভি  এ  ই  এ",
"ভাইয়া  আটা  ডে  কি  উইফি  আর  পাসওয়ার্ড  হ্যাক  করা  যাবে",
"ভাইয়া  এটার  কাজ  কি  হবে",
"ভাইয়া  পিডিএফ  রিডার  অ্যাপস  গুলা  প্র  কোরে  ডিবেন  নিসে  পোস্ট  ফরেভের",
"ভাইয়া  এই  এমবি  কি  আপনার  মেইন  সিম  এ  এড  হৈস",
"ভাইয়া  ব্লগ  সাইট  কিবাভ  সিউ  করব  আবং  কিবাভ  স্যাইজ  ডোমাইন  ব্লগ  এ  এড  করব",
"ভাইয়া",
"ভাইয়া  ভ্যালটন  প্রাইম  হ্যা  প্র  মোবাইল  টা  আমি  নিতে  চৈতেছি  ভাই  এট  এক  টন  কই  ঘন্টা  স্ক্রিন  ওঁ  টাইম  পাওয়া  যাই  এক  টন  কই  ঘন্টা  ইন্টারনেট  ব্রসে  করা  যাই  হেভি  ইউএএএস  এ  কোনো  প্রবলম  হয়  হাং  লাগ  কোরে  কামার  কেমন  একটু  জডি  জানতেন  তাহলে  উপকার  হত",
"ভাইয়া  ভেরিফি  করতে  গেলে  নিড  এর  পিক  ফোকাস  ডে  নাহ",
"ভাইয়া  উফও  ভিন  মোড  ভার্সন  টা  দীন  প্লজ্জ",
"ভাইয়া  ট্রিকব্ড  টিই  আছে  খুজে  নেন",
"ভাইয়া  টেলিগ্রাম  এ  এড  হটে  পারসী  না  এনএস",
"ভাইয়া  সিমফোনি  আইএএএম  এএসবি  রম  রুট  কোরে  কিভাবে  মোবাইল  ডিএ  কি  আইএএএম  রুট  করা  যাই  রুট  কিভাবে  করা  যাবে  ভাই  হেল্প  মে  পিলজি",
"ভাইয়া  সিমফোনি  আইএএএম  ই  জিবি  রম  কিভাবে  রুট  করব  পিলজি  হেল্প  মে  মোবাইল  ডিএ  রুট  করব  কিভাবে",
"ভাইয়া  রুট  লেকার  ডরচিল  কারণ  এক্সপোজেড  ইনস্টালের  জাস্ট  রোটড  ফোনই  কাজ  করবে",
"ভাইয়া  রিলমে  কিএসএস  কি  আখন  যেকোনো  শরভূম  এ  অ্যাভাইলয়েল",
"ভাইয়া  নেটফালিক্স  এই  প্রামিয়াম  ভার্সন  টা  ডেন  পিলজি",
"ভাইয়া  লিংক  টা  আপডেট  করেন  ডাউনলোড  হোচে  নাহ  আইএএনএ  ফরবিদ্দান  দেখাছে",
"ভাইয়া  লিএজি  ভাঁ  এর  জি  ফোন  তার  কোথা  বলতেশন  ওটা  কি  কপি  ফোন",
"ভাইয়া  কোনো  তার  এ  টো  ফ্রি  ট্রিয়াল  নিতে  পার্টেসী  না  পেমেন্ট  ডিকলিনেড  দেখে  কি  ক্রব  পিলজি  বলেন",
"ভাইয়া  কিসু  খন  পর  অটো  কাট  হো  যাই  আইত  ফিক্স  ক্রব  কিভাবে  মানে  ডিরেক্ট  হোম  পেইজ  এ  নিয়ে  আসে",
"ভাইয়া  গুগল  ড্রাইভ  আপলোড  ডিএ  লিংক  টা  ডিলা  ভ্যাও  হইত",
"ভাইয়া  ফাঁস্ট  পার্ট  এ  একাউন্ট  খোলার  সময়  কি  নমুমির  ইনফর্মেশন  দিতাই  ভে  নাকী  না  দিলাও  কলবে",
"ভাইয়া  এই  মেল  কি  লোগ  ইন  করা  যাই  না",
"ভাইয়া  এই  মেল  ডিএ  ইট  এ  লোগ  ইন  হই  না  কো",
"ভাইয়া  আর্নিং  পোস্ট  টা  করেন  পিলজি",
"ভাইয়া  ডিভাইস  নট  কম্পাটিবল  দেখাই  অ্যান্ড্রয়েড  ভার্সন  ই  ই  ই",
"ভাইয়া  বীন  কিভাবে  ক্রিয়েট  ক্রেতে  হয়  সেট  নিয়ে  পোস্ট  করেন  প্লিস  মানে  কিভাবে  বুজ  জি  এইখানে  কোন  বীন  টা  দিতে  ভে",
"দিতে  হবে",
"ভাইয়া  অ্যাভাস্ট  নিয়ে  টো  অরে  পোস্ট  দিলেন  নার",
"ভাইয়া  আটা  ইনকোম  আর  সাইট  না  সুদু  মাত্র  আকটি  পোস্টার  জন্য  কিকো  টিকি  ডোয়া  হয়  আপনি  পোস্ট  করলাই  টিকি  পাবেন",
"ভাইয়া  আটা  ডিএ  কি  কি  করতে  পার্ব",
"ভাইয়া  আপনি  ইনবক্স  এ  আসেন",
"ভাইয়া  আপনি  আপক  লিংক  টা  মেডিজাফার  এ  ডিলে  ভ্যাও  হয়  আইত  ডাউনলোড  করতে  অনেক  অনেক  প্রবলম  হয়  পারলে  আপনি  স্ক্যাম  না  কোরে  রিয়েল  কিসু  করেন  আপনার  ডাউনলোড  লিংক  একটা  স্ক্যাম  কোরে  আদমিন  পারলে  ওনারে  ব্যান্ড  করেন",
"হয়  পারলে  আপনি  কেলেঙ্কারী  না  কোরে  বাস্তপ  কিছু  করেন  আপনার  ডাউনলোড  লিংক  একটা  কেলেঙ্কারী  কোরে  আদমিন  করলে  ওনারে  ব্যান্ড  করেন",
"ভাইয়া  আপনাকে  এএবি  টি  এসএমএস  ডিসি  গেই  খেলে  পয়েন্ট  এড  হোস  না",
"ভাইয়া  অন্দ্র  অ্যাপ  তার  ডাউনলোড  লিংক  টা  দেবেন  পিলজি",
"ভাইয়া  আমর  নাম্বার  সহ  ফোন  হরে  গেইস  আমে  কি  লোকেশন  ডাকতে  পার্ব",
"ভাইয়া  আমি  স্টাডেন্ট  নিড  নয়  একন  স্টাডেন্ট  একাউন্ট  কুলা  যাবে",
"ভাইয়া  আমি  ফটোশপ  এর  কাজ  বেশী  আক্ত  পরিণা  তবে  আপনি  ইউটিউবে  সার্চ  কোরে  ফটোশপ  টিউটোরিয়াল  দেখে  কাজ  করতে  পরেন",
"ভাইয়া  আমি  মোড  ভার্সন  টা  ডাউনলোড  করতে  কাইটেসই  বাট  হোক  না  কি  করব",
"ভাইয়া  আমার  পিসি  নয়",
"ভাইয়া  আমার  কাছে  এমবি  নেই  হইত  বা  গুলে  বা  পেস্টরে  সিচ  করলে  পেতে  পরেন  লিংক্স  খুজে  জে  দিব  আমার  কাছে  বর্ত  মারে  এমবি  নেই  ব্রো  দণবাদ  ভাইয়া  এতো  সুন্ধর  একটা  কমেন্ট  করার  জোন",
"ভাইয়া  আমার  কমেন্ট  আর  রিপ্লে  পাই  নাহ  কো",
"ভাইয়া  এই  অ্যাপস  টা  লাইট  ঝামেলা  কম",
"ভাইয়া  আগে  অঠোর  সিলাম  আমি",
"ভাইয়া  আবার  অফার  আসলে  আমাদের  কে  জানাই  যেন",
"ভারে  ভাই  ট্রিকব্ড  টি  আক্ত  মে  রেভিউ  পোস্ট  ক্র্স  তাতে  আটো  কমেন্ট  এডিএ  র  অন্যান  অঠোর  রা  ভাল  পোস্ট  করলেও  গোড  লিখা  টা  ডাকতে  পরি  না  অঠোর  ভাই  রা  অপনারাও  মে  নামে  ড্যান",
"ভারে  বার  বার  আপনার  নাম  শো  কোরে  যা  আমার  কাছে  ভাল  লাগে  নি",
"ভারে  আপনারা  জে  কি  খালী  ভেবসাইতে  ঠেকে  এসএস  নিয়ে  পোস্ট  করেন  কোনো  বিস্তারিত  আলোচনা  নেই  ভারে  সবে  আগলা  সাইট  ডাইলি  ভিজিট  কোরে",
"ভাইজান  লিংক  ঠিক  এস  আগাইন  ট্রি",
"ভাই  টিভি  সিডি  গোলা  সরে  করলি  ভাল  হয়",
"ভাই  মেল  টো  লাগলয়  এট  ট্যাম্প  বাট  টু  টো  মেল  এ  টাই  না",
"ভাই  জডি  ভিভ  ইং  এর  বোটলোডের  উনলক  এর  পোস্ট  করলে  পারতেন  বা  হেল্প  দিতে  পারতেন  অঙ্ক  উপকার  হত  অঙ্ক  দীন  যাবৎ  ট্রি  করতেশই  বাট  কিউচিতে  উনলক  করতে  পার্টেসী  নাহ",
"ভাইয়া  কিসু  মে  ক্রেন  না  বাট  পর্ব  গুলা  একবি  দেরিতে  ডিসএন  জিডি  একটু  ফাঁস্ট  দিতেন  ভ্যাও  ভ্যাট  আমদ্র  জন্ন  বাই  ঠে  ওয়ে  ঠাঁক্স  ফর  ঠে  পোস্ট",
"ভাইয়া  পোস্ট  টা  অঙ্ক  সুন্দর  হযোছে",
"ভাইয়া  ভয়েটিং  ফর  নেক্সট  পার্ট",
"ভাইয়া  ফিন  এর  এমএস  এর  রিপ্লে  অপশন  না",
"ভাইয়া  পণ্ড  সিকিউরিটি  এর  কি  এরকম  কোনো  লিস্ট  দিতে  পারবেন",
"ভাইয়া  নেক্সট  পোস্ট  প্লিস",
"ভাইয়া  নেট  কনেকশন  লাগবে  নাকী",
"ভাইয়া  মোড  অ্যাপ  ডাউনলোড  করার  ভাল  কুনু  অ্যাপ  বা  সাইট  ঠাকলে  বলুন  পিলজি",
"ভাইয়া  ফ্রি  ফিরে  মোড  টা  কি  কাজ  কোরে  আর  এট  ইউএএএস  করতে  কি  ইউসার  পাশ  লাগবে",
"ভাইয়া  এইটা  ব্যাস  এর  নিরাপত্যার  জন্য  করা  হোয়াস  আপনার  একাউন্ট  জেনো  সুরক্ষিত  ঠাকে  সেজন্য  আউটমেটিক  লোগ  আউট  হো  যাবে  যতনার  আপনি  অ্যাপ  ঠেকে  বের  হো  আসবেন",
"ভাইয়া  এইটা  অ্যাপ  এর  মোড  র  আমি  ইউএএএস  করার  ট্রিক  টা  ডিলাম",
"ভাইয়া  অ্যাপ  টা  ভাল  কিন্টু  বারবার  আপডেট  চাচ্ছে  জি",
"ভাইয়া  আপনি  কি  গিফট  কার্ড  বিরকি  করেন",
"ভাইয়া  আপনি  জেনিউস  টাই  বলে  সবাইত  এক  নয়  অঙ্ক  মানুস  পাবেন  ভাই  যারা  আটা  জানেনা  আমক  আঁঅজন  এ  জিজ্ঞাস  কর্চিল  টাই  পোস্ট  কর্চি",
"ভাইয়া  আপনার  সকল  প্র  ভার্সন  অ্যাপ  গুলাই  চাই  আমাদের",
"ভাই  টক  টাইম  অ্যাপস  তার  ক্রেডিট  হ্যাক  করার  জন্য  টেক্সটন  অ্যাপ  টো  অফ  কোরে  দিচে  আনলিমিটেড  নাম্বার  মাকে  করার  আক্ত  পোস্ট  ডিএন",
"ভাই  রিলমে  কিএসএস  ফিন  লাগবে  এ  টা",
"ভাই  মিউজিক  আসকে  না  অঙ্ক  বার  স্ক্যান  কর্চে",
"ভাই  গেই  আখনও  পাবলিশে  হইনই",
"ভাই  আর  ইএএএস  হাউর  ওয়েট  করেন  আমার  এএবি  ইড  ব্যাক  আশবে  আমি  রেকমেস্ট  পাঠাই  ডিসি",
"ভাই  অ্যাপ  টো  ওপেন  হয়  না  এরর  দেখে",
"ভাই  আপনার  বিলেদ  টো  সব  টিকি  এ  কেভাবে  হলো  সি  টা  একটু  বুজি  বলেন",
"ভাই  আজ  এ  প্লে  স্টোর  ঠেকে  অ্যাপ  ডাউনলোড  ডিএ  একাউন্ট  খুলে  আঁ  টিকি  পাইচি",
"ভাই  অৎ  হৈন",
"ভাই  অনেকেই  বলে  ক্সাইমি  সেট  নাকী  ব্লাস্ট  হয়",
"ভাই  অক্ষেত্র  কি  অ্যান্ড্রয়েড  ফিন  ডিএ  রেফের  কর্তা  ভা  এনকি  ক্লাইর  ডাটা  কোরে  ইনভিতে  করলেও  টাকা  পাব",
"ভাই  ই  টা  লিংক  ডিসেন  ই  টাই  কি  একি  ভিন",
"ভাই",
"ভাই  এম  টা  তে  গ্রুপ  নটিফিকেশন  স্টোরি  নটিফিকেশন  এইগুলু  অফ  হৈন  কো  অফ  করলে  আউটমেটিক  ওঁ  হো  যাই  দেখলাম",
"ভাই  ডিরেক্ট  লিংক  ডেন",
"ভাই  ডাউনলোড  হোস  না  টো",
"ভাই  পোস্ট  গুলা  মোটামুটি  ভ্লয়  করেন  বাট  অ্যাপ  এর  ভার্সন  অ্যাপ  সিজে  কেনো  ডেন  না  নেক্সট  পোস্ট  গুলে  ভার্সন  সিজে  ডিবেন  আরো  ভ্যাও  ভে",
"ভাই  বাংলা  ফ্রন্ট  কি  সাপোর্ট  কোরে",
"ভাই  আমি  ই  ই  এ  নো  ইউএএএস  করতেশই  এটএ  দেখন  কোন  টা  ভাল  লাগে",
"ভাই  অফার  টা  কি  এএজি  সিম  এর  জন্য",
"ভাই  রে  তদের  অট্টাকারে  কোনো  অ্যাপ  এই  টিকবেনা",
"ভাই  পেমেন্ট  মেথড  এড  হয়  কিন্টু  ট্রিয়াল  নিতে  গেলে  পূর্চাসে  সাক্সেস  হয়  না",
"ভাই  লোড  দেশই  বাট  এমবি  অসলো  না",
"ভাই  আমার  ডলার  রেডিম  কর্যে  গেলে  হৈন  একটাই  লেখা  আসে  আপনী  আপনার  এএবি  ইদটা  ডিবেন  ওখানে  পিক  টা  ডিটম  র  সল্যুশন  টা  নিতাম",
"ভাই  এই  অ্যাপস  টা  আমি  নিজ  ও  ইউএএএস  করি  র  আপনার  ভাল  না  লাগলা  এরিয়া  যাবেন  এটিএক্স",
"ভাই  ইউটিউবে  ফেসবুক  কোর  র  অন্যকিউকু  কলাইনা  পিলজি  হেল্প",
"ভাই  নতুন  একাউন্ট  করতে  নতুন  নাম্বার  লাগে  একন  করব  ই  টা  নাম্বার  ছিল  সেস",
"ভাই  নামে  জুলো  অ্যাপস  এর  ভিতর  সা  জন্ন  অ্যাপস  রেভে  ডিএ  হ্যাসে",
"ভাই  উইফি  এর  স্পাইড  বারানোর  ট্রিক  ডায়ন",
"ভাই  ভপ্পী  অ্যাপ  এর  সল্যুশন  কই",
"ভাই  ভাল  কিছুর  রেভিউ  ড্যান",
"ভাই  তর  এর  সাথে  কনেক্ট  কোরে  কিভাবে",
"ভাই  নিজের  অ্যাপ  হইলে  আইত  ঠেকে  এড  রেমোভ  কোরে  ট্রিকব্ড  টি  ডিটম  না  সিএস  এড  ঠেকেই  আর্নিং  হয়",
"ভাই  কিউ  আমাকে  ট্রিকব্ড  এর  মোটো  লাইক  বাটন  এর  হ্যামল  কোড  টা  দিতে  পারবেন  ডিলে  খুব  ভাল  হত",
"ভাই  হাউয়েই  এর  বোটলোডের  উনলক  নিয়া  পোস্ট  করেন  প্লিস",
"ভাই  একটু  দেখেন  কিভাবে  ভপ্পী  অ্যাপ  ডিএ  আবার  নাম্বার  বানাবো",
"ভাই  ডাইন  টো  ইএএসএ  টা  ক্রেডিট  ও  হ্যাস  না  র  আঁখ  ক্রেডিট  এ  এযা",
"ভাই  ব্রেভ  ব্রসের  এ  কি  চ্রোম  এর  মোটো  ভেবপাগে  ডার্ক  করা  যাই",
"ভাই  আসেট  স্টোর  কাজ  কোরে  টো",
"ভাই  আপনি  বুজ  ভুল  হোক  পোস্ট  টিক  এ  কর্চে",
"ভাই  আপনার  নিয়মে  এটিএ  রেফার  হ্যাক  করছি  র  হোচে  না  পিলজি  হেল্প",
"ভাই  পাইসেন  ফোন  টা",
"ভাই  এট  সারা  জীবন  ঠকবে  টো",
"ভাই  ইউটিউবে  ভিন  মোডেড  করার  একটা  ভিডিউজ  ডেন",
"ভাই  এইটা  সকল  আপডেট  জিএ  বা  এর  ঠেকে  নিউ  সামসুং  মোবাইল  এই  এই  অপশন  এস",
"ভাই  কম্পুটার  ডিএ  কিভাবে  বানাবেন",
"ভাই",
"ভাই  উইফি  হ্যাক  নিয়ে  আক্ত",
"ভাই  ভোকাল  ভাল  মোটো  কাটে  টো  এনকি  কিসু  ঠেকে  যাই",
"ভাই  বিদমাতে  নিয়ে  পোস্ট  করুন  পিলজি  আমরা  বিদমাতে  ইউএএএস  করতে  পারচি  না",
"ভাই  ভিদ্বেদের  এ  ই  ডি  লোগিন",
"ভাই  ভাল  না  লাগলে  রিপোর্ট  কোরে  দিলেই  টো  হয়  সবার  সামনে  র্যাটের  কি  এভাবে  অপমান  করার  মানে  কি",
"ভাই  আনলিমিটেড  নাম্বার  পাউর  কোনো  প্রাসেস  আসে  নাকী  ই  মিন  টেক্সটন  এনডি  লাইন  এসব  অ্যাপ  ডিএ  নাম্বার  নিয়ে  রেফার  করলে  বোনাস  পাও  যাবে",
"ভাই  টার্প  কই  পাব  লিংক  ডেন",
"ভাই",
"ভাই  সিমফোনি  ভে  লল্লিপ  কিংগ্রুট  ডিএ  হ্যাস  না  ই  কি  আগে  বোটলোডের  উনলক  ক্র  লাগবে",
"ভাই  রিলমে  ই  হেভি  ইউএএএস  গেইম  কোরে  ই  যের  কলবে",
"ভাই  রিলমে  এ  টি  হবে",
"ভাই  রিলমে  এ  এর  টা  ডেন",
"কমিটমেন্ট  মুভি  তাও  জোস",
"এক  কার্য  কোর  নিসে  পোস্ট",
"ই  তার  কাজ  টো  আলাদা  টাইপার",
"এ  নাম্বার  পার্ট  পরে  কিসু  বুজেন  নয়েড",
"এডর  এপিসউডে  কবে  আসবে",
"এএসপি  এর  সিজে  কোটো  ব্রো",
"",
"ভি  বারমুডা  ট্রাইংল",
"কপি  করা",
"অনেক  অনেক  ধন্যবাদ  ডিরেক্ট  লিংক  ডেয়র  জন্য",
"অনেক  বর  হো  গেছে  টাই  ডিনি  পরের  পর্বতাতে  দিব  ইন্সল্লাহ",
"অনেক  সুন্দর  ভাইয়া",
"অনেক  সুন্দর  হয়েস  ভাই",
"ওয়েট  করেন  কোয়েক  হর্স  নাহলে  উপ্ত  ইএএএস  হর্স",
"অসংখ্য  ধন্যবাদ  অনুপ্রেরণার  জন্য",
"অসংখ্য  ধন্যবাদ  আপনাকে",
"অসাধারন  টিপস  ভাই",
"অ্যাপ্লে  করা  জাসে  না  কো",
"ইড  টি  ফোলাওয়ার  বারানোর  ট্রিক  ডেন",
"আগের  মোটো  আবার  পোস্ট  করা  সুরু  করবেন",
"অ্যাকো  আমি  কমেন্ট  করতে  পরি  না  কো",
"আপনাকে  অন্তরের  অন্তঃস্থল  ঠেকে  ধন্যবাদ",
"আপনার  কথাটা  ঠিক  বুঝতে  পারলাম  না  ভাইয়া",
"আপনি  কি  ডাক্তর",
"আপনার  পোস্ট  ডেকি  নয়",
"অপনিও  অ্যাপ্লে  কোরে  ফেলেছেন",
"অ্যাপস  কিউ  এট  রেড  করল  না  আঁক  হইত  অঙ্ক  এর  জীবন  বদলে  জেতো  জডি  তারা  একটু  পরার  চেষ্ঠা  করত  কুনও  কমেন্ট  নয়  ডেক  কমেন্ট  করলাম  আমি  সদারণত  কমেন্ট  করি  না  ট্রিকব্ড  টি  এ  পোস্ট  টা  আমার  অঙ্ক  ভাল  লাগসে  টাই  কমেন্ট  করলাম  কিপ  ইট  আপ",
"আমার  তো  ভাই  টিক্টক  রেলাতেদ  কোনো  পোস্ট  করার  কোথা  ছিল  না  ভাই",
"আমার  নয়  ভাই",
"আমর  টাইটল  কপি  কর্লন",
"আমি  টো  পোস্ট  ডিউর  আগেই  ডেক্সি",
"আমিউ  পাই  তবে  সর্ব  সাধারণের  জন্য  গুগল  ড্রাইভ  লিংক  এ  ভাল",
"আমি  রিলিজ  এর  কোয়েক  হাউর  পরেই  ডেক্সি",
"আমি  রিলিজ  এর  কোয়েক  হাউর  পরেই  পোস্ট  ডিসি",
"আমিউ  দেখি  তবে  আমার  কাচে  এট  একটু  গ্রে  কোলর  মনে  হয়  যদিও  আমি  ঠিক  ফোকাস  করতে  পরি  না  আর  হ্যা  আকাশের  দিকে  টকালে  বা  বেশী  বৃত্তেশ্য  হলে  বেশী  দেখি  আজ  যানতে  পারলে  এট  আসলে  কি  ভেরি  ভেরি  ঠাঁক  ইউ  ব্রো",
"ইংলিশ  কনটেন্ট  গুগল  ঠেকে  বাংলা  ট্রান্সলেট  কোরে  পিএসটি  কোরে  দিচেন",
"এই  সাইট  ইউটিউবে  সাসক্রিব  ড্রপ  কোরে  অনেক  র  অন্ন  জুলো  সাম  অনেক  ড্রপ  কোরে  র  কাও  পয়েন্ট  নিতে  চেলে  বলবে  এইএসএ  টিকি  পার  কি  পয়েন্ট  সেল  দিব  পয়েন্টস",
"এই  লাইক  ড্রপ  কোরে  সো  টাইম  ওয়েস্ট",
"এগুলো  সদ্য  রিলিজ",
"একদম  লস্ট  এ  জেতা  হয়েস",
"আখন  মোট  হৈশেন",
"আটা  কি  জি  কোনো  জেল  ঠেকে  অ্যাপ্লে  করা  যাবে",
"এট  কি  বিক্রয়  ডট  কম",
"এএবি  টু  ফ্যাক্টর  এসএমএস  পাশি  না  সিম  ওঁ  আয়েশ  কি  করব  হেল্প  লোগিন  হোস  না",
"ওইটা  এখনো  রানিং",
"ওয়ার্কাউট  কোরে  নিজেকে  অঙ্ক  ট্রাইড  করেন  যাতে  আগে  ঘুম  আসতে  বাদ্ধ  হয়",
"ও  আচ্ছা  আমি  আমর  ২  ইড  ডিএ  লাইক  ডিসি",
"কি  দেখে",
"কি  ভাই  এতদিন  জে  জেনে  এসেছি  লেবুতে  সৈত্রিক  এসিড  ঠাকে",
"",
"কিছু  বানান  ভুল  আসে  ব্রো  লেখার  টাইম  এ  খেল  করবেন",
"কিন্টু  টাইটল  রং  ই  বুঝাইসেন",
"কিন্টু  ভাই  তরমুজ  এর  জে  দাম  তাতে  চাষ  কোরে  খাউয়া  চারা  উপাই  নয়",
"কিভাবে",
"কোথা  ঠেকে  কপি  করেন  এগুলো  এডিএ",
"কোন  ক্লাসে  পরেন",
"ক্যাপশন  টা  ভ্যাও  মোটো  পরে  নিবেন  তারপর  হাসবেন",
"ক্রেডিট  ডাউ",
"কুব  ভাল",
"খুব  ভাল  হয়েস",
"খুবে  এডুকেটিভ  পোস্ট  ঠাঁক্স",
"খুব  সুন্দর",
"খুব  সুন্দর  হয়েস  ভাই  ঠাঁক্স",
"গুগল  ড্রাইভ  এ  ডাউলোডিং  সিস্টেম  টা  দরুণ",
"চমৎকার  পোস্ট  চলিই  জন",
"চাইনিজ",
"চলিই  যাউ",
"ডন  টি  ওয়ারি  মি  ব্রো",
"যাযাকাল্লাহ  খারীন",
"কোপাইড  ফ্রম  জীবন  সমস্যার  সমাধান  সুমন  সহ",
"জীবন  সমস্যার  সমাধান  চ্যানেল  ঠেকে",
"জোস",
"টরন্ট  ঠেকে  ডানল্ড  ক্রেতে  পরেন",
"টিক্টক  রেফার  রেলাতেদ  শব  পোস্ট  ডিলাইটেড  এইগুলো  ট্রিকব্ড  তে  প্রহিবিতেদ",
"ট্রিকব্ড  কপি  ডোর্স  এখানে  কিছু  করার  নেই  এ",
"",
"ট্রিকব্ড  এর  সাপোর্ট  টিম  কে  মেল  ডেন",
"ঠিক  ব্লেসন  আমি  টাই  কমেন্ট  ক্রে  ফেলেকলাম  কিন্টু  ট্রিকব্ড  র  জি  এমনও  ভিজিটার  এস  যারা  মানুষকে  নির্দিধাতে  বিনা  বাক্কে  অমানুষ  ব্লে  ফেলতে  পারে  টা  এখন  ঢেলাম",
"ডাক্তর  না  হলে  আগুলো  জনেন  কিভাবে",
"টেল  একটু  গরম  কোরে  লাগাবেন",
"টেল  লাগলে  চুল  পরার  পরিমাণ  বেরে  যাই",
"ডেয়া  ঠিক  না",
"ধন্যবাদ",
"ঠাঁক্স  দরুণ  পোস্ট",
"ঠাঁক্স  ভাই",
"ধন্যবাদ  ভাই  এরপর  ঠেকে  নিশ্চর  লক্ষ  রাখব",
"ঠাঁক্স  ভাইয়া  সুন্দর  কমেন্ট  করার  জন্য",
"ধন্যবাদ  ভাইয়া",
"ধন্যবাদ",
"নাহ  তবে  মেইন  ক্যারেক্টার  ঠকবে",
"না  ভাই  আসাই  এসি  হব",
"না  ভাই  প্রামিয়াম  কিনতে  হয়",
"নাহ  কো",
"নিজেকে  পর্ন  টেকে  বাঁচার  জন্য  ভিন  ইউএএএস  করতে  মানা  করবেন",
"নো  মার্সি  মুভার  কি  হিনদি  ডাব্যাদ  এস",
"ন্যাশনাল  ইড  নিচো  টা  আমি  ইয়েশ  দেছি",
"ফুল  পোস্ট  কপি  করা  আই  ভিডিও  টেক",
"ঠাঁক্স  ফর  ঠে  পোস্ট",
"ফেসবুক  এ  কনেক্ট  হোয়া  যাবে  আপনার  সাথে",
"বাংলা  সাবটিতলে  আসে",
"বাহ্মে  ভাল  লাগল",
"বি  ভ্যা  ফোর্টে  অ্যান্ড  এ  কাপ",
"ভাই",
"ভাই  আপনার  আগেই  পোস্ট  টা  করেশই  দেখেন",
"ভাই  আমরা  টরেনটাল্লাক্সি  টি  রিলিজ  হোয়র  সাথই  পে  যাই",
"ভাই  আমার  পিসি  ঠেকে  টো",
"ভি  আটা  কি  ইনকগ্নিত  মোডে  কাজ  করবে",
"ভাই  কোটো  বছরের  বাচ্চা  ডের  কেত্র  টিউমার  ক্যান্সার  সম্ববনা  রয়েচ",
"ব্রাদার  কোথা  জুলো  খুব  এ  মুলোবন",
"ভাই  করলা  খেই  এতো  উপকার  হয়  আমি  করলা  টো  খাইন  টো  ইবার  ঠেকে  খব",
"ভাই  ক্রেডিট  টো  ফাইল  এর  নামের  সাথই  ডেয়া  আছে",
"ভাই  সরি  বুজ  পরি  নয়",
"ভাই  পুষ্প  মুভি  র  হলে  প্রিন্ট  বের  হৈস  হিডি  প্রিন্ট  আসলে  শরে  করব",
"ভাই  পুষ্প  মুভি  র  জ্রিড  লিংক  ভে",
"ওরে  ভাই  পোস্ট  এর  টপিক  দেখে  আমি  শিহরিত",
"ভাই  বর্ণবাদ  বন্ধ  করেন",
"ভাই  বাংলা  সাবটিতলে  ডিএ  ডেকটে  পরেন",
"ভাই  ভয়  দেখাইন  নাহ",
"ভাই  রম  চরণ  রম  মুভি  টা  হিনদি  কোরে  ডিবেন",
"ভাই  সিরিজ  টা  একদম  গ্রেট",
"ভাই  পুস্তি  ও  উপকারিতা  আছে  বলেই  পোস্ট  করা  হযোছে",
"ভাই  লিংক  এই  টো  ঢোকা  জকেনা  কারও  কাচে  লিংক  ঠাকলে  ড",
"ভাইয়া  আপনি  এর  আগে  জে  ফোটো  কম্পেটিশন  কর্শিলেন  সেখানে  কি  জিৎসিলেন",
"ভাই  অ্যাসোম  পোস্ট",
"ভাল  পোস্ট",
"ভাল  লাগল  ভাই",
"ভাল  লেখেসেন  সার",
"ভাল  পোস্ট  করেছেন  বাট  সবসমে  এগুলো  না  ডিএ  কিছু  টেক  বাসেদ  পোস্ট  ও  দিতে  পরেন",
"ভাল  লাগ",
"ভ্যাও  লাগল",
"ঘটঘাটি  করাটা  বাদ  ডেন",
"ভাল  লেখেশেন  ফাহাদ  সার  এডিএ",
"ভালয়  পোস্ট  টি",
"লঙ্গুজেস",
"ভিন  ইউএএএস  করলে  কি  আব্র  আইসা  পর্ব  নাকী",
"ভিন  ইউএএএস  করলে  জডি  আইসএআই  পরে  টয়লে  লাভ  কি  হইল",
"ঠে  ভিলাইনেস  আইত  কিবাবে  মিস  করলেন  অস্থির  আক্ত  মুভি",
"মাসল্লাহ  অনক  সুন্দর  পোস্ট",
"মোট  হইতে  চাই  তাহলে  আমি  কি  করব",
"যোদি  টিকা  না  নেই  তাহলে  কি  কোনো  প্রবলম  হবে",
"রেডমি  নোটে  এ  প্র  এর  জন্ন  এরকম  ব্যান্ড  আসে  কি  ব্রো",
"লাইক  না  ডিএ  পার্লাম  না",
"লিংক  টা  দীন",
"লিখতে  ভুল  হযোছিল  ধন্যবাদ",
"লিংক  কাজ  কোরে  না",
"অঠোর  ভাইয়া  আমার  পোস্ট  টা  দেখেন",
"লস্ট  এর  টিপস  টা  সে  কাজে  ডে  আমি  আইটা  আগে  ঠেকেই  করি",
"সথীক  কোথা  অনেক  বেরে  গেছে  দাম",
"সব  জাইগাই  এমজি  ইউএএএস  করবেন  নাহ",
"সব  দেখা",
"ডোন",
"হেলফুল  পোস্ট  চলিই  জন  ভাই",
"সাইট  এ  ঢুকে  না  কেনো",
"সাইট  এ  প্রবেশ  করতে  পারচি  না  ব্রু  এখন  কি  করব",
"সুন্দর",
"সুন্দর  পোস্ট",
"শাগতম",
"হ্ম  আপনি  ঠিক  বলেশন  আমিউ  কম  বোয়সার  মধ্যে  একজন  সকালে  যখন  আমি  পোস্ট  এর  টাইটল  দেখলাম  আমিউ  খরপ  পোস্ট  ভেবে  এরিজেএচিলাম  বাট  পরে  মনে  হলো  ট্রিকব্ড  টি  টু  খরপ  পোস্ট  ডেয়া  নিশেদ  টাই  পরলাম",
"হাম  ভাইয়া",
"হুম  ধন্যবাদ",
"গেমস  টি  ডোয়া  কোরে  মোড  শরে  করুন",
"ভাই  সিং  টিন  আছে  রোজা  রেখে  দেখা  যাবে  এইটা  দেখি  নয়  এখনো",
"এইটা  দেখা  যাবে",
"আবার  জিজ্ঞাস  করার  মানে  কি",
"এই  আনিমে  আমারো  অনেক  ভাল  লেগেছে",
"দেখা  সুরু  করি  তাহলে",
"সেহরীর  সথীক  উচ্চারণ  নাকী  শহরী  হবে",
"ধন্যবাদ",
"খুব  সুন্দর  পোস্ট  ভাই",
"ধন্যবাদ  ভাইজান",
"দেখে  ফেলতে  পরেন",
"জিনিস  টা  শোবারই  একবার  অন্তত  দেখা  উচিৎ",
"ওইটা  এ্যা  এএস  এপিসউডে  দেখে  ড্রপ  ডিসি  আমার  ভাল  লাগে  নয়",
"উফস  ভাই  ভাল  একটা  জিনিস  ড্রপ  ডিসন",
"আমি  কবে  দেখেই  সেস  কোরে  ফেলসি",
"করলেই  এ  নিয়ে  যাঁবে",
"ভাই",
"আনিমে  দেখি  নয়",
"রোজে  কি  ওজন  বারে  নাকী  কমে",
"মাসল্লাহ  অনেক  উপকারই  পোস্ট",
"সবাস  বাংলাদেশ",
"আপনি  কি  মুসলিম  নাকী  হিনদি  নাকী  কোনো  ধর্মের  একটু  বলবেন  ভাই",
"ধন্যবাদ  জানানোর  জন্য",
"এখানে  শব  বিশয়  সম্পর্কে  যানতে  পারবেন  ধন্যবাদ",
"আপনে  খাঁ",
"সরীর  ঠিক  ঠাকলেই  টো  আপনি  সিখতে  পারবেন",
"একটা  লিখা  ও  কপি  না  প্রমাণ  দিতে  পারলে  ট্রিকব্ড  চেরে  যাবো  ধন্যাদ",
"প্রাইও  একটা  খবর",
"খুজলে  পাবেন  সিজন  ভি  প্রজন্ত  আছে  মনে  হয়",
"বাংলা  ঠাকলে  ডেন  ইংলিশ  টো  ইউটিউবে  এই  আছে",
"এসএ  ডাউনলোড  হোয়র  পর  আর  ডাউনলোড  হোচে  না",
"পোস্ট  আরো  সুন্দর  কোরে",
"কপি  মুক্ত  পোস্ট  করা  হযোছে  সজেশন  ডেয়র  জন্য  ধন্যবাদ",
"এই  পোস্ট  এ  ভালোবাস  ওয়ার্ড  এইএসএ  বার  আছে",
"লেখা  গুলা  উল্ট  পাল্টা",
"অনুবাদ  করাটাই",
"অভলের  মোটো  কেনো  কোথা  বলেন  ভাই",
"ধন্যবাদ  প্রাইও  ভাই",
"ওজন  কমানোর  টিপস  ডেন",
"বাহ  ভাই  খুব  উপরকারই  পোস্ট",
"ধন্যবাদ",
"টাইটল  পরার  পর  বুঝল  জে  এই  পোস্ট  আমার  জন্য  না",
"ও  ও  টাইটল  ভাল  কোরে  পরা  উচিৎ  আপনার  ধন্যবাদ",
"হুম  পারলে  ওজন  বারানোর  পোস্ট  ডেন",
"চেষ্ঠা  করব  ধন্যবাদ",
"ঢাকে  আসছি",
"আল্লাহ্র  উপর  ভরাসা  রাখুক  ইন  সা  আল্লাহ  ভাল  হো  যাবে",
"সচ্ছেতনাটা  মূলক  পোস্ট  ধন্যবাদ",
"ঐগুলো  টো  বুঝলাম  কিন্টু  জডি  গোপন  কেমেরা  ঠাকে",
"ক্যামেরার  শামনে  কিছু  ডিএ  ডিবেন  যাতে  কিছু  দেখা  না  যাই",
"রোটপিন্ড  প্রতিরোধ  কোরে  কোথা  টা  বুঝলাম  না  ভাই",
"এডিট  করা  হযোছে  ধন্যবাদ",
"রোটপিন্ড  প্রতিরোধ  কোরে  নাকী  রিদ্রোগ  প্রতিরোধ  কোরে",
"আগেই  এডিট  করা  হযোছে  টাইপ  এ  ভুল  ছিল",
"আমি  নিজেই  অসক্ত  আর  অন্যের  কোথা  কি  বলি",
"কম  ইউএএএস  করুন",
"এ  হর্স  এতখন  মোবাইল  ডিএ  কি  করেন",
"ফ্রি  ফিরে  খেলি",
"এটাত  সময়  নষ্টের  মুল  কারণ",
"জেগুলো  বেশী  ইমপোর্টান্ট  সেইগুলা  সুধু  ডিএইচি  আপনি  হুবহু  মিল  পাবেন  না",
"শেষের  টা  ভাল  লাগেনী",
"হুবহু  মিল  নয়",
"ধন্যবাদ  সুন্দর  পোস্ট  করার  জন্য",
"নন  স্মোকের  ডের  সংখ্যা  খুব  এ  কম",
"সথীক  বলছেন  ভাই",
"তত্ত্বসূর্ত  কি",
"বিভিন্ন  যয়াগ  ঠেকে  ধরনা  পাউয়া  ও  সথীক  তথ্য",
"আলাধুল্লিলাহ  আমি  ধূমপান  করি  না",
"ভাল  লাগে  না",
"খুব  ভাল  পোস্ট  অনেক  উপকার  হলো",
"অসংখ্য  ধন্যবাদ",
"ইসলামিক  দৃষ্টিতে  ভিডিও  গেই  নিষিদ্ধ",
"হ্যা  এ  তবে  ইসলামিক  দৃষ্টিতে  টো  অনেক  কিছু  নিষিদ্ধ  তবে  এট  কৈজন  বা  মানে",
"কোঠা  ঘুরতে  যাবেন",
"ভাল  ডিক  জেমন  আছে  খরপ  ডিক  ও  অনেক  আছে",
"হ্যা  এ  এখানে  সুধু  ভাল  ডিক  টা  তুলে  ধরা  হযোছে",
"এরকম  হাদিস  আমি  পাইনি",
"ধন্যবাদ  ভাই",
"পোস্ট  টা  কি  কোনো  যাইগা  ঠেকে  সংগ্রহ  করেছেন  নাকী  নিজে  লিখছেন",
"একটু  ক্লাইর  কোরে  নিভেন",
"নাম  দেখে  টো  মুসলিম  এ  মনে  হোচে",
"ভুল  কিছু  বললে  ক্ষমা  করবেন  ভাই",
"শবাই  দেখবেন",
"একেবারে  সুন্দর  খাটি  কোয়্যাক্ট  কোথা  লিখেছেন  ভাই",
"অসাধারন",
"ধন্যবাদ",
"দরকারী  পোস্ট  ধন্যবাদ",
"আপনাকে  ধন্যবাদ",
"ধন্যবাদ",
"এই  পোস্ট  টি  টো  ফেসবুক  এ  ডেখেসিল",
"সেট  আমরি  পোস্ট  ছিল  ভাই",
"করেছেন  ধন্যবাদ",
"নিশ্চো  অসংখ্য  ধন্যবাদ  আপনাকে",
"মুভি  জুলো  অবশ্যই  দেখব",
"নিশ্চল",
"বাংলা  ডাবিং  মুভি  এর  রেভিউ  ডেন",
"দরুণ  পোস্ট  ভাইয়া",
"আমি  যানি",
"ঠকেই  পারে  ব্রো  অনেক  সুন্দর  দেখতে",
"লিখে  সার্চ  করুন  তাহলেই  পে  যাবেন",
"আল্লাহ্র  নামে  স্ক্যাম  করেশন  এতোটা  নিচ  হোয়া  ঠিক  নয়",
"মাদাম  মুভি  ঠেকে  বের  হো  কিছু  ডেন",
"ডোয়া  করবেন  ইন  সা  আল্লাহ  আশবে",
"মুভি  সিরিজ  বাদ  ডিএ  অন্ন  দিকে  লাইন  ধরেন",
"চেষ্ঠাতে  আছি",
"এত্ব  মুভি  ডিয়া  কি  হবে  অন্ন  কিছু  ঠাকলে  শরে  করুন",
"চেষ্ঠাতে  আছি",
"বর  মুভি  লাভের  আপনাই",
"হুম  বুঝলাম  নাহ",
"অনেক  ভাল  লাগল  পোস্ট  টা  পরে",
"রেভিউ  গুলা  প্লট  আর  একটু  বর  প্লট  বুঝতে  সুভিধ  হয়",
"তুমি  কি  সত্যিই  ভারতে  ঠাকো",
"ভাল  পোস্ট",
"পরবার  অপছন্দ  বন্ধুর  গোপন  কোথা",
"আমাজন  প্রাইম  কিংবা  নাকী  নেটফালিক্স  ডাউনলোড  কোরে  দেখে  নিন",
"আমি  কপি  পোস্ট  করেছি",
"সরি  ভাইয়া  আসলে  আমি  বুঝতে  পরি  নয়",
"এই  টো  ডিরেক্ট  কপি  পোস্ট",
"রিপোর্ট  করুন",
"ওই  সাইট  টাই  হোচে  কপি  সাইট  একটি",
"ওয়াটার  বোতল  মুভি  এর  লিংক  প্রযোজন",
"না  ভাই  এখন  খেলব  না  রে",
"কসম  অপু  একটা  ডিনার  ও  পাই  নয়",
"কি  বল্লী  আমি  বক্বক  করি  টাই  না",
"ভাইয়া  আপনি  ওই  সৈতনের  কোঠা  একমত  হো  বুলেছেন  আমি  বেশী  কোথা  বলি",
"হ্যা  ইন  সা  আল্লাহ  ঠক্ব",
"কে  গালী  দিলও",
"ওইটা  আর  বলছি  না  ভাইয়া",
"ঢাকা  অ্যাটাক  দেখব  সময়  কোরে",
"অপু  ফ্রি  ফিরে  খেলেন",
"না  ভাইয়া",
"অপু  এএবি  টি  ফ্রাইড  রেকমেস্ট  পাঠাসী  এক্সপার্ট  করেন",
"ভাই  এট  কি  রেভিউ  ছিল",
"ঠিক  আছে  চেষ্ঠা  করব",
"এইতা  কিভাবে  রেভিউ  হলো",
"এই  মুভি  টি  সাউন্ড  নয়",
"জি  কিন্টু  এট  চারা  ইউটিউবে  এ  অন্যতা  খুজে  পেলাম  না  ভাইয়া",
"দেখা  আসে",
"জডি  একটু  বুঝিই  বলতেন",
"থ্রিলার  মানে  হোচে  রোমাঞ্চকর  আসা  করি  আপনার  উত্তর  পেইছেন  ভাইয়া",
"ভিডিও  দেখে  ভাগিস  ইউটিউবে  ভিডিও  ডেখেসিল",
"ঠিক  বুঝলাম  না  ভাই  নাটক  রেভিউ  করতে  এসে  প্রতারণা  কোঠা",
"নেক্সট  পর্বে  ঠকবে",
"সেরা  নাটকের  মধ্যে  সার  এর  নয়  নয়",
"নাটক  আছে  যা  আপনার  চোখে  পরে  নয়",
"চোখ  ডিএ  পাণী  ঝর্বে  এমন  নাটক  টো  দিলেন",
"অনেক  আগেই  দেখেছি",
"এই  মুভি  ই  বার  দেখছি",
"আবার  হাঁসি  চেপে  রাখা  যাবে  না",
"পিচচার  অনেক  সুন্দর  আগেই  দেখেছি",
"আর  হিনদি  টি  দেখেন  অনেক  সুন্দর",
"পুরাণও  ছবি",
"দেখেছি  অনেকবার",
"আমি  অনেক  ভালোবাসী",
"পুরিয়ানো  ছবি  দেখতে  ভাল  লাগে",
"আচ্ছা  ভাই",
"কাল  পে  যাবেন  ভাই",
"ভাই  লিংক  টো  কাজ  করছে  না",
"আমন  কোনো  অ্যাড্রেস  আছে  আপনাদের  কাছে",
"পোস্ট  করা  আছে  ভাই",
"টাই  নতুন  নতুন  হিনদি  তামিল  মুভি  পাউয়া  যাই  না",
"শব  কিছু  যানতে  হবে",
"টেক  রেলাতেদ  সাইট  এ  গল্পও  পোস্ট  ডেয়র  কি  দরকার  ভাই",
"কোনো  ভুল  হলে  ছোটো  ভাই  হিসবে  ক্ষমা  কোরে  ডিএন",
"আমি  ট্রিকব্ড  ভেবসাইতে  এ  পোস্ট  করলে  অপ্রভে  হয়  না  কেনো",
"মুভি  দেখতে  হবে",
"আপনি  লেখক  না  টাই",
"হরিই  জেটে  চাই",
"ডিঙ্কল  ভাল  যাচ্ছে  না",
"পস্তি  ভাল  কোরে  দেখেছেন  টো",
"খুব  ভাল  কাজ  করেছেন  ভাইয়া",
"জডি  আরো  মুভি  লাগে  তাহলে  কমেন্ট  কোরে  জানান",
"আপনার  পছ্ছনের  কোনো  মুভি  ঠাকলে  আমাকে  জানান",
"আমি  শরে  করার  চেষ্ঠা  করব",
"প্রবর্তী  পোস্ট  এ  আপনার  সুগেস্ট  করা  মুভি  দাউর্য  চেষ্ঠা  করব",
"ক্ষমা  করবেন  আমারো  সথীক  জানা  নয়",
"অবশ্যই  দিব  ভাই",
"ঝামেলা  নয়",
"ধন্যবাদ  পরবর্তী  পোস্ট  এ  পে  যাবেন",
"সাকিব  খাঁ  এর  বির  মুভি",
"চেষ্ঠা  করব  ভাই  সাথে  ঠাকুন",
"ঠাকলে  দিতে  পরেন",
"দাউর্য  চেষ্ঠা  করব  ভাই  সাথে  ঠাকুন",
"নেক্সট  পোস্ট  এ  পে  যাবেন",
"একটি  ডাক্তারই  বুক  ঠেকে  এই  তথ্য  পাওয়া",
"ডাউনলোড  লিংক  জেটে  হাজার  টা  পেছল  করতে  হয়",
"পে  যাবেন  ভাই",
"নেক্সট  পোস্ট  এ  পে  যাবেন",
"লিংক  এ  গেলেই  ডাউনলোড  অপশন  পাবেন  ভাই",
"শব  মুভি  টো  ইউটিউবে  এ  পাওয়া  জৈন",
"এট  বিনোদনের  যয়াগ",
"জেই  গল্পও  শুনি",
"চেষ্ঠা  করব  ভাই",
"খুব  কাজের  পোস্ট  চলিই  জন",
"প্রশংসার  জন্য  ধন্যবাদ  আপনাকে",
"লিনাক্স  সফটওয়্যার  টো",
"ক্যারেক্টার  নষ্টের  মুভি  নয়",
"আসেন  আমরা  ইসলাম  প্রচার  করি",
"চার  নাম্বার  নাটকটি  ভুল  তত্ব  ডেয়া  হযোছে",
"কেমনে  একটু  বলবেন  আগে  করিনই  শুধু  দেখেই  গেলাম",
"ফাইল  গুলোকে  কি  করব  বলেন  ভাই",
"ভাই  কোনো  ভিডিও  ঠাকলে  ডেন  নাহলে  বলেন  প্লিস",
"শব  গুলা  এপিসউডে  ডিসন",
"হুম  শব  গুলা  আছে",
"অসাধারন  পোস্ট",
"ভাই  লিংক  ঠিক  আছে  ডাউনলোড  হয়  না",
"লিংক  ঠিক  আছে  ভাই",
"প্রতি  উইক  এ  একটি  কোরে  মুভি  নিয়ে  আশবেন",
"ভাই  আপনি  চেষ্ঠা  কোরে  দেখুন  হয়  না",
"একলহন  ঠেকে  আপনি  ডাউনলোড  কোরে  নিন",
"শেষে  বিজই  টা  কার  হবে",
"অসাধারন  একটা  মুভি",
"খুব  এ  অবাক  হলাম",
"ভাল  পোস্ট",
"ধন্যভাদ  আপনার  মুলোবন  মন্তব্য  করার  জন্য",
"আমার  টন  এএসএ  দীন  জেগে  ঠাকার  রেকর্ড  দেখবেন  কি",
"সংনোবাদ  এইরকম  পোস্ট  আমাদের  সাথে  শরে  করার  জন্য",
"লেখাটা  জোস  হৈস",
"সংন্যাদ  ভাই  সাথই  ঠাকুন",
"ধন্যবাদ  ট্রিকব্ড  কমেন্টার  ভাই",
"ডাউনলোড  লিংক  কই",
"পোস্ট  এর  নিচে  দেখেন  ভাই  পোস্ট  টা  টো  ভাল  কোরে  পরে  দেখবেন  নাকী",
"সমস্যা  হলে  কমেন্ট  করুন",
"সেরা  থ্রিলার  মুভি  রেভিউ  চাই",
"ভাই  পোস্ট  না  পরেই  ধন্যবাদ  ভাই",
"ভাই  এট  ব্লেন  জে",
"ডাব্লে  ডিএ  সুরু  করতে  পরেন  ভাই",
"ভাই  আপনার  কাছে  আরেকটু  রেকমেস্ট  প্লিস",
"সাথই  ঠাকুক  ভাই",
"ভাই  প্লিস  ডাব্লে  এর  লিংক  ডেন",
"হরর  মুভি  যদিও  দেখিনা  তবুও  ধন্যবাদ",
"গুগল  ড্রাইভ  ডাউনলোড  লিংক",
"ভাই  এসব  কি  শরে  করেন",
"গুণা  হবে  আপনি  কি  ধরনের  জিনিস  দেখছেন",
"আমি  আজ  এনডি  পর্ব  দেখলাম  ভাল  আলগো",
"এডর  পর্ব  টিও  দেখার  রেকমেস্ট  করা  হলো",
"ধন্যবাদ  আপনাকে",
"যার  জেতা  ভাল  লাগে",
"শব্ত  যানতে  গুগল  এ  সার্চ  করতে  পরেন",
"আপনার  ক্রিয়েটিভ  লিখা  অসাধারন",
"ওই  মিএ  কপি  পিস্ট  কোর্স  কে",
"কার  নাম্বার  ড্রামাতে  ইন্টারফেস্টেড  আমি  ভাই",
"মাদাম  যেমন্ত  বললো",
"আমি  কাহিনীতা  আরো  আগে  ঠেকেই  জানতম",
"প্রথম  প্রথম  ইন্টারনেট  আর  গুজবের  ব্যাপার  টো  আছেই",
"আপনার  কমেন্ট  প্রে  কিছু  বুঝলাম  না",
"এট  কিন্টু  বাস্তব  নৌ",
"অপনিও  লিখত  পুণুরার  ভাল  কোরে  পরুণ",
"ঠিক  আছে",
"মুভিয়াট  ভাল",
"সাইট  এখন  একদম  ঠিক  আছে",
"আগেই  দেখেছি",
"আমার  সাইট  এ  ডেয়া  আছে  ভাই",
"নতুন  নতুন  ভাল  ভাল  পোস্ট",
"কি  বলতে  চাচ্ছেন",
"ভাই  বধ্য  প্রথম  ভেবসাইতে  খুলেছেন",
"মুভি  টো  ডাউনলোড  লিংক  নয়  ঐখানে",
"সরি  পেইচি",
"সুন্দর  কমেন্ট  করার  জন্য  ধন্যবাদ",
"ভাই  আমি  স্লিপ  নাম্বার  হরিই  ফেলেছি",
"নির্বাচন  অফিসার  এর  কাজালোই  আবেদন  করুন",
"সেদিন  কারে  এতো  বুঝাইলম",
"অন্ন  এতো  কোরে  বলার  পরেও  এতোকু  সম্মান  দিতে  পারলেন  না  তাদের",
"ও  টো  মনে  হয়  হিন্দু",
"ইড  পোস্ট  করা  হযোছে",
"ইড  নাম্বার  পেতো  না",
"দুইটা  কার্ড  অনলাইনে  কপি  বের  করেসিলম",
"চুপ  কোরে  পোস্ট  পরে",
"পোস্ট  করার  শক্তি  খুজে  পাই",
"প্রবলম  দেখাইটাসে  ভাই",
"আপনার  কমেন্ট  এর  জন্য  আপনাকে  ধন্যবাদ",
"আপনার  ইড  নাম্বার",
"ফেসবুক  ইড  ভেরিফি  করা  যাবে",
"পোস্ট  এ  দেখানো  ফরমাট  মাসাগে  করুন",
"মে  বে  না  চেষ্ঠা  কোরে  দেখুন  যাই  কি  না",
"সথীক  বলতে  পারচি  না",
"যেকোনো  সরকারী  বেসরকারী  কাজে  ইউএএএস  করতে  পার্ভে",
"আপনি  এর  আগে  ইড  কার্ড  পেইছিলেন",
"আমার  আগে  এইএসএ  হো  গেছে",
"ইড  এর  জন্য  কোনো  কাজ  করিনই",
"কাজ  হতেও  পারে",
"মুভি  টা  কোয়েকবার  এ  দেখলাম  মুভি  দরুণ  হযোছে",
"অসংখ্য  ধন্যবাদ  কমেন্ট  কোরে  আমাদের  কে  জানানোর  জন্য",
"হত  পুরা  বাংলাদেশ  এর  মোটো  লাগত",
"আপনার  কোথা  ঠিক  এট  ইন্ডায়র  চালকি",
"সে  মুভিতে  কাজ  করতে  রাজি  আছে",
"বাংলাদেশ  কে  ঠিক  ভাবে  দেখানো  হবে",
"জি  আপনার  আসা  পূর্ণ  হোক",
"নেটফালিক্স  অ্যাপ  ডাউনলোড  করুন",
"লিখা  ছিল  হাসিনা  পরিবহন",
"ভাইয়র  এই  সিনেমার  ডাউনলোড  লিংক  কিউ  দিতে  পারবেন",
"আপনি  এমেইল  করুন  ধন্যবাদ",
"যারা  এসব  ঠেকে  দূরে  ঠকে  চে",
"কেন  জে  এই  মুভি  বানাইস  আল্লাহ  জেন",
"আমার  নিজের  বেকটিগত  মোটামোট  বলছি",
"জেইট  আমরা  বন্ধ  করতে  পরি  সেট  এরইয়ে  যাওয়া  দরকার  কি  এ",
"এনি  আছে  সাঁই  প্রমত  নিয়ে",
"ট্রেইলার  দেখে  মনোহেছিল  সুন্দর  একটা  মুভি  পেতে  যাচ্ছি",
"ঠেকে  দূরে  ঠাকুন  সেটাই  ভাল  হবে  হইত  আর  আমি  ও  ঢুক্কিত",
"ভাল  প্রিন্ট  এখনো  আশে  নয়",
"পোস্ট  এর  ছবি  দেখেই  রোজা  সেস",
"ভাই  তাহলে  এসব  ঠেকে  দূরে  ঠাকাই  ভাল  আপনার",
"আপনি  হইত  জনেন  না  জে  মুসলিম  ডের  নাটক  সিনেমা  দেখা  হরম",
"দূরেই  ঠাকে",
"কোঠা  ক্লিক  করলে  ডাউনলোড  হবে  বলবেন  একটু",
"ভাল  কোরে  পোস্ট  টা  পরুণ",
"ফাঁটরমি  ঠেকেই  যাই  টাই  রিপোর্ট",
"নাচটে  না  জানলে  উঠান  বাকা",
"এরকন  লিংক  ডেয়া  ঠেকে  বিরত  ঠাকুন",
"ভাই  আমার  ফরম  নাম্বার",
"এইটা  ডিএই  চেষ্ঠা  কোরে  দেখেন",
"এইএসএ  বছর  না  হলে  কি  বের  করা  যাবে",
"জি  এইএসএ  না  হলেও  বের  করা  যাবে",
"এ্যা  ডিজিটস  নাম্বার  ডিএ  টো  রেজিস্ট্রেশন  করা  জৈন",
"কে  বলছে  জৈন  আপনি  চেষ্ঠা  কোরে  দেখেছেন",
"আমি  টো  এ্যা  সংখ্যার্ট  ডিএই  করলাম",
"তথ্য  পরিবর্তন  বলতে",
"আমি  কি  আমার  ছবি  পরিবর্তন  করতে  পার্ব",
"এর  জন্য  কি  কি  করতে  হবে",
"ভেবসাইতে  এ  ঢুকতে  পারচি  না",
"আপনি  পোস্ট  করার  আরো  আগেই  আমি  বের  করছি",
"পুরাতন  ভোটের  রা  দেখতে  পরবে  না",
"শব  যয়ে  দেখতে  ভালোনোদ্র  আছে",
"আপনি  পোস্ট  করার  আরো  আগেই  আমি  বের  করছি",
"পুরাতন  ভোটের  রা  দেখতে  পরবে  না",
"নকল  কপি  এর  জন্য  আবেদন  করতে  বলে  ডাউনলোড  গেলে",
"এই  রকম  নমুনা  আসে  না",
"এখন  আবার  চেষ্ঠা  করুন",
"সাইট  এ  জৈন  কোরে  টারাটারি  জৈন  কোরে  ফেলুন",
"স্পাম  করা  ঠেকে  বিরত  ঠাকুন",
"শব  ঠিক  ভাবে  হযোছে",
"আমরা  এরকম  আসে",
"শব  এ  ঠিক  চে  ভাই  কিন্টু  আপনার  ডাউনলোড  তথ্যতা  ফাঁকে",
"নটিফিকেশন  বার  এ  টাইম  এর  গরমিল  আছে",
"হ্যা  নতুন  কোরে  রেজিস্ট্রেশন  করুন",
"কপি  ডাউনলোড  হয়  না  কেনো",
"কি  প্রবলম  ফেস  করেছেন",
"আর  যারা  পুরাতন  ইড  কার্ড  পাইসেন  তাদের  কে  নতুন  কোরে  আবেদন  করতে  হবে",
"জি  আপনি  সথীক",
"এট  ঠিক  করেন  নয়  আপনি",
"জীবনতাই  ছেলে  খেলা  ভাই",
