"Wife Mamu",
"The wife was useful, brother",
"Wife great post brother",
"Boo Boot I use the old version of Share It",
"Wife bro awesome post",
"Wife… Unstable App Banaisen Brother… C Ahead.",
"Wife. Brother, please give me the build of a Some Forward",
"Bosam site bro thank you for share…. Bro is it for life time?",
"If this doesn't work, go to this link.",
"Try the working post well",
"Working boot speed is not in Gmail & Facebook loading",
"Use Working Bro Vipin",
"Barcade (took a long time)",
"Won't WordPress be all over?",
"Wonderful Post Pills Run Again",
"Wonderful post bro",
"Except updates can be given in the Play Store?",
"Except Mob saplings do not work 6. When you look at the mob, you become connected… !!",
"Gives humble payment, I got a total of 304 talk.",
"Which version of wine should I download ??",
"Windows needs such a high speed sowing করি I hope to get it in the next post",
"Downloaded again for Windows… Email & password comes with brother ……… ..",
"Windows Best 1 gives the link to the logo designer software",
"Bin O: Brother, I understand",
"Wifi? If the wifi is ESP slow you.",
"Wifi Bala c Carbar. This time the house has to be spent on mob to give upalda",
"What will happen to Wiffy's beds ???",
"If you know any trick to hack Wifi, share it and help bro",
"Wifi will be hacked",
"If you see any working apps of Wifi Hack, please give the link",
"Hoy: I'm all right",
"Give the WhatsApp link or number bro ,,,,",
"What's the hat off,",
"what lol ??? I am trying to create an account for youtube every 3 days by setting up kintu settings.",
"Welcome to the documents that were not submitted to the server on May 8.",
"Welcome, unlimited possible na vai",
"What can be done throughout the website?",
"Nokia's website",
"Watermark Sara. ??",
"No watermark",
"Watermark 100% free",
"Warning! If you don't need too much, stay away from using these apps!",
"Walton seems to follow the old system all the time.",
"If anyone knows the Walton Primo No. 2 root system, please let me know.",
"The book. Let's modify the newly updated DC upload.",
"Byte bro.",
"Beat brother",
"Beat the new update",
"Beat the link to MediaFire Banassee for you",
"Wait, I'll post",
"If you connect us with scary sowing, brother.?",
"Fake news bro. Today I developed, I cashed out from the cash",
"Fake",
"Too wrong day in the house?",
"Wrong",
"Fake, reported",
"Fake post",
"Fake",
"Sowing is repeatedly disconnected.",
"Is sowing the way to run the whole media? Telegram boat / any other way?",
"What will happen if sowing is stopped",
"More posts will come in the future about sowing",
"Bopan Lakbe",
"What is sowing ??? I can't use it to charge the battery",
"Is sowing offline or not?",
"It would be good to know that Bopan Ita will work in Con SIM… !!",
"Sowing is not a problem or the problem is yours",
"Disconnect sowing and see if the play will go away in May.",
"Vpn connect kora to coin is not available",
"Bopan connected ayagola need to work or bopan sara ???? ,, and what does 50 minutes bui mean ,,,, ??? 50 minutes bait to be done ??? ?",
"Corsi used to sow so the dice are not right now",
"Can you buy it for free with Bhuche?",
"I gave a new number to Bypi, the code does not come, why not open the code even if you clear the data?",
"There is no one-size-fits-all account.",
"Byapi apa did not give any link ?? Play Store Ach ???",
"Do you need a care GP number to open an account at Bhupe Apps? Or should I give it earlier ??",
"Do you need a care GP number to open an account at Bhupe Apps?",
"In Voda, the Viras of the 3rd century seem to be in bullfighting.",
"Vocal is completely removed or remains",
"Download 5.1 ROM from business",
"Vamos Pro Link She - I'm sorry. You can access this item because it is in violation of our terms of service.",
"Busy App",
"Vamos a pubd khale 2-4 gb ramal mobile to blast.",
"Good",
"Good silo",
"Good post",
"Thanks for being good",
"Good",
"Via I'm very busy now. Monir Sarkar who said.",
"How do I unlock Vivo 90's batladera?",
"Vivo Y83 Pro's no torpi pachchi. How to back up stock boot.imgre",
"You can't play good games in Vivo …… ..tel",
"There is no doubt about the Vivo phone. Will provide service with all time",
"Vivo is not mobile",
