"Didn't you get the video of Tool / 30 seconds ???",
"You will also find Gul Torrent on the site ..",
"Vokkar chakkar post one apapraveda. Surely there is anxiety",
"I tested the code DC",
"What's so troubling is easy to download from Shakibbap.com, Sakibbap.Mall & IOVIDEO.Mall",
"Good",
"These are a little more time consuming, so Terry Karina .. I have so many doors that can be hacked with Kali Nathunya's Irkarakong, you can find out by doing YouTube and Google.",
"What no less",
"Not known",
"I didn't understand that all the gula was destroyed in Kamne so soon, brother",
"I shared the relaxed method",
"So bro you use the old version. The link of V4.12.3.15 and on that page",
"My phone will support MyBay: You can try a custom ROM",
"How to get OPK from zip file?",
"If you open the zip file, the code will appear in the file of the killer format.",
"Why not Jibangla?",
"Is there any way to make G7 free?",
"Is there any way to make G5 free?",
"All you have to do is go to Fob Help and search for the profile lock. And not without the lack of zita.",
"You can try Jarchive: P: P",
"With Jarchive. Or by renaming .saph to .zip",
"Jarchive or S File Explorer",
"Those who follow all the work rules will get 50 talk inshallah",
"Ask the person who will edit the text to give the pulp file or preset those pulp files can be edited in Pixlab ..! I will post about it",
"The video is not downloaded on YouTube, brother",
"It would have been better to give the video on YouTube… those who did not understand ঃ they could understand by watching the video…!",
"YouTube video copy Marsen brother.",
"Adding Vansed a Gmail Eid on YouTube can be a problem ..",
"Why can't I add Vansed a Gmail on YouTube? Please help me.",
"Download from YouTube ?????",
"Why copy from YouTube? Can't she make it herself?",
"Good thing you copied and posted from YouTube, what a useless boot !!!",
"Connect Thaika link on YouTube",
"For this reason, there is no boot problem in the new update NS on YouTube. I will give another new post in a day",
"Refrain from posting links / video links on YouTube",
"Which app is better for recording YouTube videos?",
"Is there any way to watch YouTube's offline video Mox Player?",
"YouTube's ads can be removed in this way",
"If this is a search on YouTube, why did you post it?",
"It looks beautiful on YouTube",
"You will not login to YouTube with ita",
"These videos have thousands of views on YouTube.",
"Don't copy and post on YouTube. Whatever your own post, it's good.",
"Channel view on YouTube .. ??",
"Is from YouTube apps",
"YouTube ad will be closed ??",
"YouTube ads will be closed",
"Don't Found Email says you can't log in to YouTube",
"Your trial has expired. What to do.",
"Your Account Is Limited Show Course My ??",
"U's right, this is my most important EM sorry for this boot.",
"You are most welcome, will there be a like?",
"I have to keep India",
"Well, that's right",
"The brother is doing the show",
"As if this kind of post is not the same app. It's a different app.",
"Which is not enabled, Android version 9, app is not installed",
"Pretty big… extra link add karchi bait 6. A lot has been downloaded maybe… .so it looks like that",
"I need a bro mob",
"You can see it by searching for a big one on YouTube",
"Anyone who needs to sow Bangladesh EP posts fast",
"As if I were a resident of the last mash",
"Yasir's brother will know how to connect PCPhone Pro ??",
"Xiaomi Redmiya Ruya Hainna Bhai ::::",
"Xiaomi does not need anything. There are widgets to turn off the screen. There are options from the screen and the phone.",
"Xiaomi Redmi 9 Prime Is it official?",
"If you use Xiaomi phone, you will get automatic update. However, I did not collect ported rom.",
"Please post about getting free (Premium, Gold, Ultra) membership in Xiaomi Cloud.",
"Xiaomi author account required",
"Snake: How to install again ??",
"Wife. This is the best mobile.",
"Wife ,, Good post brother",
